proposed_id,class,marker_ids,class_marker_ids
CTL-AMBIG-001,CTL-AMBIG,MK.BOLD_amygdala;MK.BOLD_striatum_reward,MK.BOLD_amygdala;MK.BOLD_striatum_reward
CTL-ANAL-001,CTL-ANAL,MK.BOLD_frontopolar,MK.BOLD_frontopolar
CTL-ANT-001,CTL-ANT,MK.N1_visual;MK.P3b;MK.CNV,MK.N1_visual;MK.P3b;MK.CNV
CTL-ANT-002,CTL-ANT,MK.N1_visual;MK.P3b;MK.CNV,MK.N1_visual;MK.P3b;MK.CNV
CTL-AS-001,CTL-AS,MK.presaccadic_potential;MK.BOLD_oculomotor,MK.presaccadic_potential;MK.BOLD_oculomotor
CTL-AUT-001,CTL-AUT,MK.alpha_posterior,MK.alpha_posterior
CTL-BART-001,CTL-BART,MK.FRN;MK.BOLD_dlPFC,MK.FRN;MK.BOLD_dlPFC
CTL-CNV-001,CTL-CNV,MK.CNV,MK.CNV
CTL-CONF-001,CTL-CONF,MK.Pe,MK.Pe
CTL-CPT-001,CTL-CPT,MK.P3b,MK.CNV;MK.P3b;MK.DMN_connectivity
CTL-CPT-002,CTL-CPT,MK.CNV;MK.P3b,MK.CNV;MK.P3b;MK.DMN_connectivity
CTL-CPT-003,CTL-CPT,MK.DMN_connectivity,MK.CNV;MK.P3b;MK.DMN_connectivity
CTL-DD-001,CTL-DD,MK.BOLD_striatum_reward;MK.BOLD_vmPFC_value,MK.BOLD_striatum_reward;MK.BOLD_vmPFC_value
CTL-DT-001,CTL-DT,MK.P3b;MK.frontal_midline_theta,MK.P3b;MK.frontal_midline_theta
CTL-EFF-001,CTL-EFF,MK.BOLD_dACC,MK.BOLD_dACC
CTL-FLK-001,CTL-FLK,MK.ERN;MK.Pe;MK.N2_frontocentral,MK.ERN;MK.Pe;MK.N2_frontocentral;MK.LRP
CTL-FLK-002,CTL-FLK,MK.ERN;MK.Pe;MK.N2_frontocentral;MK.LRP,MK.ERN;MK.Pe;MK.N2_frontocentral;MK.LRP
CTL-FORAGE-001,CTL-FORAGE,MK.BOLD_dACC,MK.BOLD_dACC
CTL-GNG-001,CTL-GNG,MK.N2_frontocentral;MK.NoGo_P3,MK.N2_frontocentral;MK.NoGo_P3
CTL-IGT-001,CTL-IGT,MK.FRN;MK.BOLD_vmPFC_value,MK.FRN;MK.BOLD_vmPFC_value
CTL-MIXG-001,CTL-MIXG,MK.BOLD_striatum_reward;MK.BOLD_vmPFC_value,MK.BOLD_striatum_reward;MK.BOLD_vmPFC_value
CTL-MRP-001,CTL-MRP,MK.LRP,MK.LRP
CTL-MSIT-001,CTL-MSIT,MK.BOLD_dACC,MK.BOLD_dACC
CTL-PDM-001,CTL-PDM,MK.CPP,MK.CPP
CTL-PDM-002,CTL-PDM,MK.CPP,MK.CPP
CTL-RAT-001,CTL-RAT,MK.alpha_posterior,MK.alpha_posterior
CTL-RAVEN-001,CTL-RAVEN,MK.BOLD_frontoparietal,MK.BOLD_frontoparietal
CTL-RNG-001,CTL-RNG,MK.BOLD_dlPFC,MK.BOLD_dlPFC
CTL-SART-001,CTL-SART,MK.NoGo_P3;MK.alpha_posterior,MK.NoGo_P3;MK.alpha_posterior
CTL-SIM-001,CTL-SIM,MK.N2_frontocentral;MK.LRP,MK.N2_frontocentral;MK.LRP
CTL-SIM-002,CTL-SIM,MK.N2_frontocentral;MK.LRP,MK.N2_frontocentral;MK.LRP
CTL-SST-001,CTL-SST,MK.NoGo_P3;MK.rIFG_beta,MK.NoGo_P3;MK.rIFG_beta
CTL-STR-001,CTL-STR,MK.N450,MK.N450
CTL-STR-002,CTL-STR,MK.N450,MK.N450
CTL-SW-001,CTL-SW,MK.frontal_midline_theta;MK.switch_positivity,MK.frontal_midline_theta;MK.switch_positivity
CTL-SW-002,CTL-SW,MK.frontal_midline_theta;MK.switch_positivity,MK.frontal_midline_theta;MK.switch_positivity
CTL-SW-003,CTL-SW,MK.frontal_midline_theta,MK.frontal_midline_theta;MK.switch_positivity
CTL-SYLL-001,CTL-SYLL,MK.BOLD_frontoparietal,MK.BOLD_frontoparietal
CTL-TOL-001,CTL-TOL,MK.BOLD_dlPFC;MK.HbO_prefrontal,MK.BOLD_dlPFC;MK.HbO_prefrontal
CTL-VBC-001,CTL-VBC,MK.BOLD_vmPFC_value,MK.BOLD_vmPFC_value
CTL-WASON-001,CTL-WASON,MK.BOLD_dlPFC,MK.BOLD_dlPFC
CTL-WCST-001,CTL-WCST,MK.BOLD_dlPFC;MK.P3b;MK.HbO_prefrontal,MK.BOLD_dlPFC;MK.P3b;MK.HbO_prefrontal
EMO-APRIME-001,EMO-APRIME,MK.N400;MK.LPP,MK.N400;MK.LPP
EMO-AUTO-001,EMO-AUTO,MK.affective_band_power;MK.BOLD_amygdala,MK.affective_band_power;MK.BOLD_amygdala
EMO-DOT-001,EMO-DOT,MK.N2pc;MK.P1_visual,MK.N2pc;MK.P1_visual
EMO-EST-001,EMO-EST,MK.LPP;MK.N2_frontocentral,MK.LPP;MK.N2_frontocentral
EMO-FACE-001,EMO-FACE,MK.N170;MK.EPN;MK.BOLD_amygdala,MK.N170;MK.EPN;MK.BOLD_amygdala
EMO-FACE-002,EMO-FACE,MK.BOLD_amygdala,MK.N170;MK.EPN;MK.BOLD_amygdala
EMO-FC-001,EMO-FC,MK.BOLD_amygdala,MK.BOLD_amygdala;MK.frontal_midline_theta
EMO-FC-002,EMO-FC,MK.BOLD_amygdala,MK.BOLD_amygdala;MK.frontal_midline_theta
EMO-FC-003,EMO-FC,MK.BOLD_amygdala;MK.frontal_midline_theta,MK.BOLD_amygdala;MK.frontal_midline_theta
EMO-FILM-001,EMO-FILM,MK.frontal_alpha_asymmetry;MK.affective_band_power,MK.frontal_alpha_asymmetry;MK.affective_band_power
EMO-FILM-002,EMO-FILM,MK.frontal_alpha_asymmetry;MK.affective_band_power,MK.frontal_alpha_asymmetry;MK.affective_band_power
EMO-FILM-003,EMO-FILM,MK.frontal_alpha_asymmetry;MK.affective_band_power,MK.frontal_alpha_asymmetry;MK.affective_band_power
EMO-FILM-004,EMO-FILM,MK.frontal_alpha_asymmetry;MK.affective_band_power,MK.frontal_alpha_asymmetry;MK.affective_band_power
EMO-HUMOR-001,EMO-HUMOR,MK.BOLD_striatum_reward,MK.BOLD_striatum_reward
EMO-IAPS-001,EMO-IAPS,MK.LPP;MK.EPN;MK.BOLD_amygdala,MK.LPP;MK.EPN;MK.BOLD_amygdala
EMO-MID-001,EMO-MID,MK.BOLD_striatum_reward;MK.FRN,MK.BOLD_striatum_reward;MK.FRN
EMO-MID-002,EMO-MID,MK.BOLD_striatum_reward,MK.BOLD_striatum_reward;MK.FRN
EMO-REG-001,EMO-REG,MK.LPP,MK.LPP;MK.BOLD_amygdala
EMO-REG-002,EMO-REG,MK.LPP;MK.BOLD_amygdala,MK.LPP;MK.BOLD_amygdala
EMO-SOUND-001,EMO-SOUND,MK.P2_auditory;MK.LPP,MK.P2_auditory;MK.LPP
EMO-STRESS-001,EMO-STRESS,MK.frontal_alpha_asymmetry;MK.HbO_prefrontal,MK.frontal_alpha_asymmetry;MK.HbO_prefrontal
EMO-STRESS-002,EMO-STRESS,MK.HbO_prefrontal,MK.frontal_alpha_asymmetry;MK.HbO_prefrontal
EMO-THREAT-001,EMO-THREAT,MK.BOLD_amygdala;MK.BOLD_anterior_insula,MK.BOLD_amygdala;MK.BOLD_anterior_insula
EMO-TOUCH-001,EMO-TOUCH,MK.BOLD_posterior_insula,MK.BOLD_posterior_insula
EMO-WORD-001,EMO-WORD,MK.EPN;MK.LPP,MK.EPN;MK.LPP
ERR-AAF-001,ERR-AAF,MK.N1_auditory;MK.P2_auditory,MK.N1_auditory;MK.P2_auditory
ERR-ADAPT-001,ERR-ADAPT,MK.FRN;MK.ErrP,MK.FRN;MK.ErrP;MK.P3b
ERR-ADAPT-002,ERR-ADAPT,MK.FRN;MK.P3b,MK.FRN;MK.ErrP;MK.P3b
ERR-APC-001,ERR-APC,MK.BOLD_striatum_reward,MK.BOLD_striatum_reward
ERR-AWARE-001,ERR-AWARE,MK.Pe,MK.Pe;MK.ERN;MK.BOLD_frontoparietal
ERR-AWARE-002,ERR-AWARE,MK.Pe;MK.ERN,MK.Pe;MK.ERN;MK.BOLD_frontoparietal
ERR-AWARE-003,ERR-AWARE,MK.BOLD_frontoparietal,MK.Pe;MK.ERN;MK.BOLD_frontoparietal
ERR-BANDIT-001,ERR-BANDIT,MK.FRN;MK.BOLD_frontopolar,MK.FRN;MK.BOLD_frontopolar
ERR-CAUS-001,ERR-CAUS,MK.BOLD_dlPFC,MK.BOLD_dlPFC
ERR-CHGPT-001,ERR-CHGPT,MK.P3b,MK.P3b
ERR-CHGPT-002,ERR-CHGPT,MK.P3b,MK.P3b
ERR-ERRP-001,ERR-ERRP,MK.ErrP,MK.ErrP
ERR-ERRP-002,ERR-ERRP,MK.ErrP,MK.ErrP
ERR-ERRP-003,ERR-ERRP,MK.ErrP,MK.ErrP
ERR-ERRP-004,ERR-ERRP,MK.ErrP,MK.ErrP
ERR-GAM-001,ERR-GAM,MK.FRN,MK.FRN
ERR-GAM-002,ERR-GAM,MK.FRN,MK.FRN
ERR-GAM-003,ERR-GAM,MK.FRN,MK.FRN
ERR-INST-001,ERR-INST,MK.FRN;MK.BOLD_striatum_reward,MK.FRN;MK.BOLD_striatum_reward
ERR-OBS-001,ERR-OBS,MK.oERN;MK.ErrP,MK.oERN;MK.ErrP
ERR-OBS-002,ERR-OBS,MK.oERN,MK.oERN;MK.ErrP
ERR-OBS-003,ERR-OBS,MK.oERN,MK.oERN;MK.ErrP
ERR-OGNG-001,ERR-OGNG,MK.frontal_midline_theta,MK.frontal_midline_theta
ERR-PCL-001,ERR-PCL,MK.BOLD_striatum_reward,MK.BOLD_striatum_reward
ERR-PRL-001,ERR-PRL,MK.FRN;MK.BOLD_striatum_reward,MK.FRN;MK.BOLD_striatum_reward
ERR-PRT-001,ERR-PRT,MK.FRN,MK.FRN
ERR-PSEL-001,ERR-PSEL,MK.FRN;MK.frontal_midline_theta,MK.FRN;MK.frontal_midline_theta
ERR-TE-001,ERR-TE,MK.FRN,MK.FRN
ERR-TS-001,ERR-TS,MK.BOLD_striatum_reward;MK.FRN,MK.BOLD_striatum_reward;MK.FRN
ERR-TS-002,ERR-TS,MK.BOLD_striatum_reward,MK.BOLD_striatum_reward;MK.FRN
ERR-VRPE-001,ERR-VRPE,MK.ErrP,MK.ErrP
IMG-AUD-001,IMG-AUD,MK.BOLD_auditory_cortex;MK.high_gamma,MK.BOLD_auditory_cortex;MK.high_gamma
IMG-AUD-002,IMG-AUD,MK.BOLD_auditory_cortex,MK.BOLD_auditory_cortex;MK.high_gamma
IMG-CMD-001,IMG-CMD,MK.BOLD_motor_network;MK.BOLD_parahippocampal;MK.SMR_ERD,MK.BOLD_motor_network;MK.BOLD_parahippocampal;MK.SMR_ERD
IMG-CMD-002,IMG-CMD,MK.SMR_ERD,MK.BOLD_motor_network;MK.BOLD_parahippocampal;MK.SMR_ERD
IMG-CMD-003,IMG-CMD,MK.BOLD_motor_network;MK.BOLD_parahippocampal,MK.BOLD_motor_network;MK.BOLD_parahippocampal;MK.SMR_ERD
IMG-MA-001,IMG-MA,MK.HbO_prefrontal;MK.frontal_midline_theta,MK.HbO_prefrontal;MK.frontal_midline_theta
IMG-MA-002,IMG-MA,MK.frontal_midline_theta,MK.HbO_prefrontal;MK.frontal_midline_theta
IMG-OLF-001,IMG-OLF,MK.BOLD_olfactory_cortex,MK.BOLD_olfactory_cortex
IMG-ROT-001,IMG-ROT,MK.alpha_posterior;MK.BOLD_frontoparietal,MK.alpha_posterior;MK.BOLD_frontoparietal
IMG-SAO-001,IMG-SAO,MK.SMR_ERD,MK.SMR_ERD
IMG-SAO-002,IMG-SAO,MK.SMR_ERD,MK.SMR_ERD
IMG-SPI-001,IMG-SPI,MK.high_gamma,MK.high_gamma
IMG-SPI-002,IMG-SPI,MK.high_gamma,MK.high_gamma
IMG-SPI-003,IMG-SPI,MK.high_gamma,MK.high_gamma
IMG-TACT-001,IMG-TACT,MK.SMR_ERD,MK.SMR_ERD
IMG-VIS-001,IMG-VIS,MK.alpha_posterior;MK.BOLD_visual_cortex;MK.BOLD_category_selective,MK.alpha_posterior;MK.BOLD_visual_cortex;MK.BOLD_category_selective
IMG-VIS-002,IMG-VIS,MK.BOLD_category_selective,MK.alpha_posterior;MK.BOLD_visual_cortex;MK.BOLD_category_selective
LAN-AGL-001,LAN-AGL,MK.P600;MK.ERAN,MK.P600;MK.ERAN
LAN-CPS-001,LAN-CPS,MK.CPS,MK.CPS
LAN-CPS-002,LAN-CPS,MK.CPS,MK.CPS
LAN-GEST-001,LAN-GEST,MK.N400,MK.N400
LAN-HIER-001,LAN-HIER,MK.linguistic_structure_tracking,MK.linguistic_structure_tracking
LAN-LDT-001,LAN-LDT,MK.N400,MK.N400
LAN-LOC-001,LAN-LOC,MK.BOLD_language_network,MK.BOLD_language_network
LAN-LOC-002,LAN-LOC,MK.BOLD_language_network,MK.BOLD_language_network
LAN-MUS-001,LAN-MUS,MK.ERAN,MK.ERAN
LAN-N400-001,LAN-N400,MK.N400,MK.N400
LAN-N400-002,LAN-N400,MK.N400,MK.N400
LAN-NAT-001,LAN-NAT,MK.speech_envelope_tracking,MK.speech_envelope_tracking
LAN-NWL-001,LAN-NWL,MK.N400,MK.N400
LAN-OVS-001,LAN-OVS,MK.high_gamma,MK.high_gamma;MK.motor_cortical_spiking
LAN-OVS-002,LAN-OVS,MK.high_gamma,MK.high_gamma;MK.motor_cortical_spiking
LAN-OVS-003,LAN-OVS,MK.motor_cortical_spiking;MK.high_gamma,MK.high_gamma;MK.motor_cortical_spiking
LAN-P600-001,LAN-P600,MK.P600;MK.left_anterior_negativity,MK.P600;MK.left_anterior_negativity
LAN-P600-002,LAN-P600,MK.P600,MK.P600;MK.left_anterior_negativity
LAN-PCAT-001,LAN-PCAT,MK.high_gamma,MK.high_gamma
LAN-PHA-001,LAN-PHA,MK.MMN;MK.BOLD_language_network,MK.MMN;MK.BOLD_language_network
LAN-PN-001,LAN-PN,MK.high_gamma;MK.BOLD_language_network,MK.high_gamma;MK.BOLD_language_network
LAN-PN-002,LAN-PN,MK.BOLD_language_network,MK.high_gamma;MK.BOLD_language_network
LAN-PRIME-001,LAN-PRIME,MK.N400,MK.N400
LAN-PRIME-002,LAN-PRIME,MK.N400,MK.N400
LAN-READ-001,LAN-READ,MK.FRP,MK.FRP
LAN-SC-001,LAN-SC,MK.N400;MK.P600;MK.BOLD_language_network,MK.N400;MK.P600;MK.BOLD_language_network
LAN-SC-002,LAN-SC,MK.BOLD_language_network,MK.N400;MK.P600;MK.BOLD_language_network
LAN-SEMD-001,LAN-SEMD,MK.BOLD_language_network,MK.BOLD_language_network
LAN-SIS-001,LAN-SIS,MK.N1_auditory;MK.high_gamma,MK.N1_auditory;MK.high_gamma
LAN-SIS-002,LAN-SIS,MK.N1_auditory,MK.N1_auditory;MK.high_gamma
LAN-SL-001,LAN-SL,MK.linguistic_structure_tracking,MK.linguistic_structure_tracking
LAN-SWITCH-001,LAN-SWITCH,MK.N2_frontocentral,MK.N2_frontocentral
LAN-SWITCH-002,LAN-SWITCH,MK.N2_frontocentral,MK.N2_frontocentral
LAN-VF-001,LAN-VF,MK.HbO_prefrontal,MK.HbO_prefrontal
LAN-VF-002,LAN-VF,MK.HbO_prefrontal,MK.HbO_prefrontal
LAN-VF-003,LAN-VF,MK.HbO_prefrontal,MK.HbO_prefrontal
LAN-VG-001,LAN-VG,MK.BOLD_language_network,MK.BOLD_language_network
LAN-VWFA-001,LAN-VWFA,MK.BOLD_category_selective;MK.N170,MK.BOLD_category_selective;MK.N170
MEM-CD-001,MEM-CD,MK.CDA,MK.CDA
MEM-CD-002,MEM-CD,MK.CDA,MK.CDA
MEM-CD-003,MEM-CD,MK.CDA,MK.CDA
MEM-CFMT-001,MEM-CFMT,MK.N170;MK.BOLD_category_selective,MK.N170;MK.BOLD_category_selective
MEM-CIT-001,MEM-CIT,MK.P3b,MK.P3b
MEM-CIT-002,MEM-CIT,MK.P3b,MK.P3b
MEM-DF-001,MEM-DF,MK.alpha_posterior;MK.BOLD_dlPFC,MK.alpha_posterior;MK.BOLD_dlPFC
MEM-DF-002,MEM-DF,MK.alpha_posterior,MK.alpha_posterior;MK.BOLD_dlPFC
MEM-DMS-001,MEM-DMS,MK.alpha_posterior;MK.gamma_power,MK.alpha_posterior;MK.gamma_power
MEM-DRM-001,MEM-DRM,MK.FN400;MK.parietal_old_new,MK.FN400;MK.parietal_old_new
MEM-DS-001,MEM-DS,MK.frontal_midline_theta,MK.frontal_midline_theta
MEM-DS-002,MEM-DS,MK.frontal_midline_theta,MK.frontal_midline_theta
MEM-EFT-001,MEM-EFT,MK.BOLD_hippocampus;MK.BOLD_mPFC,MK.BOLD_hippocampus;MK.BOLD_mPFC
MEM-FR-001,MEM-FR,MK.Dm;MK.high_gamma,MK.Dm;MK.high_gamma
MEM-FR-002,MEM-FR,MK.Dm,MK.Dm;MK.high_gamma
MEM-META-001,MEM-META,MK.BOLD_frontopolar,MK.BOLD_frontopolar
MEM-META-002,MEM-META,MK.BOLD_frontopolar,MK.BOLD_frontopolar
MEM-MST-001,MEM-MST,MK.BOLD_hippocampus,MK.BOLD_hippocampus
MEM-MST-002,MEM-MST,MK.BOLD_hippocampus,MK.BOLD_hippocampus
MEM-NAV-001,MEM-NAV,MK.hippocampal_theta;MK.BOLD_hippocampus,MK.hippocampal_theta;MK.BOLD_hippocampus
MEM-NAV-002,MEM-NAV,MK.BOLD_hippocampus,MK.hippocampal_theta;MK.BOLD_hippocampus
MEM-NAV-003,MEM-NAV,MK.BOLD_hippocampus;MK.hippocampal_theta,MK.hippocampal_theta;MK.BOLD_hippocampus
MEM-NBK-001,MEM-NBK,MK.frontal_midline_theta;MK.P3b;MK.alpha_posterior;MK.HbO_prefrontal;MK.BOLD_frontoparietal,MK.frontal_midline_theta;MK.P3b;MK.alpha_posterior;MK.HbO_prefrontal;MK.BOLD_frontoparietal
MEM-NBK-002,MEM-NBK,MK.frontal_midline_theta;MK.P3b;MK.alpha_posterior;MK.HbO_prefrontal;MK.BOLD_frontoparietal,MK.frontal_midline_theta;MK.P3b;MK.alpha_posterior;MK.HbO_prefrontal;MK.BOLD_frontoparietal
MEM-NBK-003,MEM-NBK,MK.BOLD_frontoparietal,MK.frontal_midline_theta;MK.P3b;MK.alpha_posterior;MK.HbO_prefrontal;MK.BOLD_frontoparietal
MEM-NBK-004,MEM-NBK,MK.BOLD_frontoparietal,MK.frontal_midline_theta;MK.P3b;MK.alpha_posterior;MK.HbO_prefrontal;MK.BOLD_frontoparietal
MEM-ON-001,MEM-ON,MK.FN400;MK.parietal_old_new,MK.FN400;MK.parietal_old_new
MEM-ON-002,MEM-ON,MK.FN400;MK.parietal_old_new,MK.FN400;MK.parietal_old_new
MEM-PA-001,MEM-PA,MK.hippocampal_theta;MK.BOLD_hippocampus,MK.hippocampal_theta;MK.BOLD_hippocampus
MEM-PA-002,MEM-PA,MK.BOLD_hippocampus,MK.hippocampal_theta;MK.BOLD_hippocampus
MEM-PM-001,MEM-PM,MK.N300_prospective;MK.BOLD_frontopolar,MK.N300_prospective;MK.BOLD_frontopolar
MEM-PM-002,MEM-PM,MK.BOLD_frontopolar,MK.N300_prospective;MK.BOLD_frontopolar
MEM-RC-001,MEM-RC,MK.alpha_lateralization,MK.alpha_lateralization
MEM-RIF-001,MEM-RIF,MK.BOLD_category_selective,MK.BOLD_category_selective
MEM-RMEM-001,MEM-RMEM,MK.BOLD_striatum_reward;MK.BOLD_hippocampus,MK.BOLD_striatum_reward;MK.BOLD_hippocampus
MEM-RPRIM-001,MEM-RPRIM,MK.BOLD_category_selective;MK.N400,MK.BOLD_category_selective;MK.N400
MEM-RPT-001,MEM-RPT,MK.BOLD_left_IFG,MK.BOLD_left_IFG
MEM-SB-001,MEM-SB,MK.frontal_midline_theta;MK.alpha_posterior,MK.frontal_midline_theta;MK.alpha_posterior
MEM-SME-001,MEM-SME,MK.Dm;MK.BOLD_hippocampus,MK.Dm;MK.BOLD_hippocampus
MEM-SRC-001,MEM-SRC,MK.right_frontal_old_new,MK.right_frontal_old_new
MEM-SRE-001,MEM-SRE,MK.BOLD_mPFC,MK.BOLD_mPFC
MEM-SWM-001,MEM-SWM,MK.BOLD_frontoparietal,MK.CDA;MK.BOLD_frontoparietal
MEM-TMR-001,MEM-TMR,MK.sleep_spindle;MK.slow_wave,MK.sleep_spindle;MK.slow_wave;MK.BOLD_hippocampus
MEM-TMR-002,MEM-TMR,MK.BOLD_hippocampus,MK.sleep_spindle;MK.slow_wave;MK.BOLD_hippocampus
MEM-TNT-001,MEM-TNT,MK.N2_frontocentral;MK.BOLD_hippocampus,MK.N2_frontocentral;MK.BOLD_hippocampus
MOT-ATT-001,MOT-ATT,MK.SMR_ERD;MK.motor_cortical_spiking,MK.SMR_ERD;MK.motor_cortical_spiking;MK.low_freq_kinematics
MOT-ATT-002,MOT-ATT,MK.SMR_ERD,MK.SMR_ERD;MK.motor_cortical_spiking;MK.low_freq_kinematics
MOT-ATT-003,MOT-ATT,MK.low_freq_kinematics;MK.SMR_ERD,MK.SMR_ERD;MK.motor_cortical_spiking;MK.low_freq_kinematics
MOT-BIMAN-001,MOT-BIMAN,MK.SMR_ERD;MK.interhemispheric_coherence,MK.SMR_ERD;MK.interhemispheric_coherence
MOT-CURSOR-001,MOT-CURSOR,MK.SMR_ERD;MK.motor_cortical_spiking,MK.SMR_ERD;MK.motor_cortical_spiking
MOT-CURSOR-002,MOT-CURSOR,MK.SMR_ERD,MK.SMR_ERD;MK.motor_cortical_spiking
MOT-CURSOR-003,MOT-CURSOR,MK.motor_cortical_spiking,MK.SMR_ERD;MK.motor_cortical_spiking
MOT-FORCE-001,MOT-FORCE,MK.SMR_ERD;MK.corticomuscular_coherence,MK.SMR_ERD;MK.corticomuscular_coherence
MOT-GRASP-001,MOT-GRASP,MK.high_gamma;MK.motor_cortical_spiking,MK.high_gamma;MK.motor_cortical_spiking;MK.SMR_ERD;MK.low_freq_kinematics
MOT-GRASP-002,MOT-GRASP,MK.high_gamma,MK.high_gamma;MK.motor_cortical_spiking;MK.SMR_ERD;MK.low_freq_kinematics
MOT-GRASP-003,MOT-GRASP,MK.SMR_ERD;MK.low_freq_kinematics,MK.high_gamma;MK.motor_cortical_spiking;MK.SMR_ERD;MK.low_freq_kinematics
MOT-GRASP-004,MOT-GRASP,MK.SMR_ERD,MK.high_gamma;MK.motor_cortical_spiking;MK.SMR_ERD;MK.low_freq_kinematics
MOT-HW-001,MOT-HW,MK.motor_cortical_spiking,MK.motor_cortical_spiking;MK.low_freq_kinematics
MOT-HW-002,MOT-HW,MK.low_freq_kinematics,MK.motor_cortical_spiking;MK.low_freq_kinematics
MOT-IB-001,MOT-IB,MK.MRCP;MK.N1_auditory,MK.MRCP;MK.N1_auditory
MOT-LIBET-001,MOT-LIBET,MK.MRCP,MK.MRCP
MOT-ME-001,MOT-ME,MK.SMR_ERD;MK.high_gamma;MK.BOLD_motor_network,MK.SMR_ERD;MK.high_gamma;MK.BOLD_motor_network;MK.low_freq_kinematics
MOT-ME-002,MOT-ME,MK.high_gamma;MK.SMR_ERD,MK.SMR_ERD;MK.high_gamma;MK.BOLD_motor_network;MK.low_freq_kinematics
MOT-ME-003,MOT-ME,MK.SMR_ERD,MK.SMR_ERD;MK.high_gamma;MK.BOLD_motor_network;MK.low_freq_kinematics
MOT-ME-004,MOT-ME,MK.BOLD_motor_network,MK.SMR_ERD;MK.high_gamma;MK.BOLD_motor_network;MK.low_freq_kinematics
MOT-ME-005,MOT-ME,MK.low_freq_kinematics;MK.SMR_ERD,MK.SMR_ERD;MK.high_gamma;MK.BOLD_motor_network;MK.low_freq_kinematics
MOT-MI-001,MOT-MI,MK.SMR_ERD,MK.SMR_ERD;MK.low_freq_kinematics
MOT-MI-002,MOT-MI,MK.SMR_ERD,MK.SMR_ERD;MK.low_freq_kinematics
MOT-MI-003,MOT-MI,MK.low_freq_kinematics;MK.SMR_ERD,MK.SMR_ERD;MK.low_freq_kinematics
MOT-MI-004,MOT-MI,MK.SMR_ERD,MK.SMR_ERD;MK.low_freq_kinematics
MOT-MI-005,MOT-MI,MK.SMR_ERD,MK.SMR_ERD;MK.low_freq_kinematics
MOT-MI-006,MOT-MI,MK.SMR_ERD,MK.SMR_ERD;MK.low_freq_kinematics
MOT-MI-007,MOT-MI,MK.SMR_ERD,MK.SMR_ERD;MK.low_freq_kinematics
MOT-MI-008,MOT-MI,MK.SMR_ERD,MK.SMR_ERD;MK.low_freq_kinematics
MOT-MI-009,MOT-MI,MK.SMR_ERD,MK.SMR_ERD;MK.low_freq_kinematics
MOT-MI-010,MOT-MI,MK.SMR_ERD,MK.SMR_ERD;MK.low_freq_kinematics
MOT-MI-011,MOT-MI,MK.SMR_ERD,MK.SMR_ERD;MK.low_freq_kinematics
MOT-MIRR-001,MOT-MIRR,MK.BOLD_motor_network,MK.BOLD_motor_network
MOT-MRCP-001,MOT-MRCP,MK.MRCP,MK.MRCP
MOT-MRCP-002,MOT-MRCP,MK.MRCP,MK.MRCP
MOT-MRCP-003,MOT-MRCP,MK.MRCP,MK.MRCP
MOT-MSL-001,MOT-MSL,MK.SMR_ERD;MK.BOLD_motor_network,MK.SMR_ERD;MK.BOLD_motor_network
MOT-MVF-001,MOT-MVF,MK.SMR_ERD,MK.SMR_ERD
MOT-OBS-001,MOT-OBS,MK.SMR_ERD;MK.BOLD_premotor_parietal,MK.SMR_ERD;MK.BOLD_premotor_parietal
MOT-PASS-001,MOT-PASS,MK.corticokinematic_coherence;MK.SMR_ERD,MK.corticokinematic_coherence;MK.SMR_ERD
MOT-PERT-001,MOT-PERT,MK.perturbation_N1,MK.perturbation_N1
MOT-PURS-001,MOT-PURS,MK.BOLD_oculomotor,MK.BOLD_oculomotor
MOT-REACH-001,MOT-REACH,MK.motor_cortical_spiking;MK.high_gamma,MK.motor_cortical_spiking;MK.high_gamma;MK.low_freq_kinematics
MOT-REACH-002,MOT-REACH,MK.low_freq_kinematics,MK.motor_cortical_spiking;MK.high_gamma;MK.low_freq_kinematics
MOT-RT-001,MOT-RT,MK.LRP,MK.LRP
MOT-SACC-001,MOT-SACC,MK.presaccadic_potential;MK.BOLD_oculomotor,MK.presaccadic_potential;MK.BOLD_oculomotor;MK.BOLD_frontoparietal
MOT-SACC-002,MOT-SACC,MK.BOLD_oculomotor;MK.BOLD_frontoparietal,MK.presaccadic_potential;MK.BOLD_oculomotor;MK.BOLD_frontoparietal
MOT-SMS-001,MOT-SMS,MK.SMR_ERD;MK.BOLD_motor_network,MK.SMR_ERD;MK.BOLD_motor_network
MOT-SRT-001,MOT-SRT,MK.LRP;MK.SMR_ERD,MK.LRP;MK.SMR_ERD
MOT-TRACK-001,MOT-TRACK,MK.low_freq_kinematics;MK.high_gamma,MK.low_freq_kinematics;MK.high_gamma
MOT-TRACK-002,MOT-TRACK,MK.low_freq_kinematics,MK.low_freq_kinematics;MK.high_gamma
PER-AAD-001,PER-AAD,MK.N1_auditory;MK.speech_envelope_tracking,MK.N1_auditory;MK.speech_envelope_tracking
PER-AB-001,PER-AB,MK.P3b,MK.P3b
PER-ABR-001,PER-ABR,MK.ABR,MK.ABR
PER-ACC-001,PER-ACC,MK.N1_auditory;MK.P2_auditory,MK.N1_auditory;MK.P2_auditory
PER-ADDS-001,PER-ADDS,MK.Pd,MK.Pd
PER-AEP-001,PER-AEP,MK.N1_auditory;MK.P2_auditory,MK.N1_auditory;MK.P2_auditory
PER-AMASK-001,PER-AMASK,MK.N1_auditory;MK.MMN,MK.N1_auditory;MK.MMN
PER-BODY-001,PER-BODY,MK.BOLD_category_selective;MK.N170,MK.BOLD_category_selective;MK.N170
PER-BOI-001,PER-BOI,MK.BOLD_premotor_parietal,MK.BOLD_premotor_parietal
PER-BR-001,PER-BR,MK.BOLD_visual_cortex,MK.SSVEP;MK.BOLD_visual_cortex
PER-BR-002,PER-BR,MK.SSVEP,MK.SSVEP;MK.BOLD_visual_cortex
PER-CAT-001,PER-CAT,MK.N170;MK.BOLD_category_selective,MK.N170;MK.BOLD_category_selective
PER-CB-001,PER-CB,MK.VAN,MK.VAN
PER-CTXC-001,PER-CTXC,MK.N2pc;MK.BOLD_hippocampus,MK.N2pc;MK.BOLD_hippocampus
PER-CUE-001,PER-CUE,MK.P1_visual;MK.N1_visual,MK.P1_visual;MK.N1_visual
PER-CUE-002,PER-CUE,MK.P1_visual;MK.N1_visual,MK.P1_visual;MK.N1_visual
PER-CVA-001,PER-CVA,MK.alpha_lateralization,MK.alpha_lateralization
PER-CVA-002,PER-CVA,MK.alpha_lateralization,MK.alpha_lateralization
PER-FACE-001,PER-FACE,MK.N170;MK.BOLD_category_selective,MK.N170;MK.BOLD_category_selective
PER-FVEP-001,PER-FVEP,MK.flash_VEP,MK.flash_VEP
PER-GATE-001,PER-GATE,MK.P50_gating,MK.P50_gating
PER-GEP-001,PER-GEP,MK.GEP,MK.GEP
PER-HBD-001,PER-HBD,MK.HEP,MK.HEP
PER-HBD-002,PER-HBD,MK.HEP,MK.HEP
PER-IB-001,PER-IB,MK.VAN;MK.P3b,MK.VAN;MK.P3b
PER-IC-001,PER-IC,MK.N1_visual,MK.N1_visual
PER-LEP-001,PER-LEP,MK.LEP,MK.LEP
PER-LG-001,PER-LG,MK.MMN;MK.P3b,MK.MMN;MK.P3b
PER-MASK-001,PER-MASK,MK.VAN;MK.P3b,MK.VAN;MK.P3b
PER-MLR-001,PER-MLR,MK.MLR,MK.MLR
PER-MMN-001,PER-MMN,MK.MMN,MK.MMN
PER-MMN-002,PER-MMN,MK.MMN,MK.MMN
PER-MMN-003,PER-MMN,MK.MMN,MK.MMN
PER-MOT-001,PER-MOT,MK.CDA;MK.BOLD_frontoparietal,MK.CDA;MK.BOLD_frontoparietal
PER-MSI-001,PER-MSI,MK.AV_interaction_ERP,MK.AV_interaction_ERP
PER-MSI-002,PER-MSI,MK.AV_interaction_ERP,MK.AV_interaction_ERP
PER-MVEP-001,PER-MVEP,MK.mVEP,MK.mVEP
PER-MVEP-002,PER-MVEP,MK.mVEP,MK.mVEP
PER-NAT-001,PER-NAT,MK.ISC;MK.BOLD_visual_cortex,MK.ISC;MK.BOLD_visual_cortex
PER-NAVON-001,PER-NAVON,MK.N2_posterior;MK.P3b,MK.N2_posterior;MK.P3b
PER-ODD-001,PER-ODD,MK.P3b,MK.P3b;MK.P3a
PER-ODD-002,PER-ODD,MK.P3a;MK.P3b,MK.P3b;MK.P3a
PER-ODD-003,PER-ODD,MK.P3b,MK.P3b;MK.P3a
PER-ODD-004,PER-ODD,MK.P3b,MK.P3b;MK.P3a
PER-ODD-005,PER-ODD,MK.P3b,MK.P3b;MK.P3a
PER-ODD-006,PER-ODD,MK.P3b,MK.P3b;MK.P3a
PER-ODD-007,PER-ODD,MK.P3b,MK.P3b;MK.P3a
PER-ODD-008,PER-ODD,MK.P3b,MK.P3b;MK.P3a
PER-ODD-009,PER-ODD,MK.P3b,MK.P3b;MK.P3a
PER-OLF-001,PER-OLF,MK.OERP,MK.OERP
PER-OMIT-001,PER-OMIT,MK.omission_response,MK.omission_response
PER-OMIT-002,PER-OMIT,MK.omission_response,MK.omission_response
PER-ORN-001,PER-ORN,MK.ORN,MK.ORN
PER-PRVEP-001,PER-PRVEP,MK.P100_PRVEP,MK.P100_PRVEP
PER-RET-001,PER-RET,MK.BOLD_visual_cortex,MK.BOLD_visual_cortex
PER-RET-002,PER-RET,MK.BOLD_visual_cortex,MK.BOLD_visual_cortex
PER-RREP-001,PER-RREP,MK.RREP,MK.RREP
PER-SPN-001,PER-SPN,MK.SPN,MK.SPN
PER-STREAM-001,PER-STREAM,MK.MMN,MK.MMN
PER-TACT-001,PER-TACT,MK.N140_somatosensory;MK.P3b,MK.N140_somatosensory;MK.P3b
PER-TON-001,PER-TON,MK.BOLD_auditory_cortex,MK.BOLD_auditory_cortex
PER-VMMN-001,PER-VMMN,MK.vMMN,MK.vMMN
PER-VOICE-001,PER-VOICE,MK.BOLD_auditory_cortex,MK.BOLD_auditory_cortex
PER-VS-001,PER-VS,MK.N2pc,MK.N2pc
SOC-ANIM-001,SOC-ANIM,MK.BOLD_TPJ;MK.BOLD_mPFC,MK.BOLD_TPJ;MK.BOLD_mPFC
SOC-BIO-001,SOC-BIO,MK.N170;MK.N2_posterior;MK.BOLD_pSTS,MK.N170;MK.N2_posterior;MK.BOLD_pSTS
SOC-CONF-001,SOC-CONF,MK.BOLD_striatum_reward;MK.BOLD_dACC,MK.BOLD_striatum_reward;MK.BOLD_dACC
SOC-CYB-001,SOC-CYB,MK.P3b;MK.BOLD_dACC,MK.P3b;MK.BOLD_dACC
SOC-DICT-001,SOC-DICT,MK.BOLD_vmPFC_value,MK.BOLD_vmPFC_value
SOC-DICT-002,SOC-DICT,MK.BOLD_vmPFC_value,MK.BOLD_vmPFC_value
SOC-EYE-001,SOC-EYE,MK.interbrain_synchrony,MK.interbrain_synchrony
SOC-GAZE-001,SOC-GAZE,MK.N170;MK.P1_visual;MK.BOLD_pSTS,MK.N170;MK.P1_visual;MK.BOLD_pSTS;MK.BOLD_striatum_reward
SOC-GAZE-002,SOC-GAZE,MK.BOLD_pSTS;MK.BOLD_striatum_reward,MK.N170;MK.P1_visual;MK.BOLD_pSTS;MK.BOLD_striatum_reward
SOC-IAT-001,SOC-IAT,MK.N400;MK.LPP,MK.N400;MK.LPP
SOC-IMIT-001,SOC-IMIT,MK.SMR_ERD;MK.BOLD_TPJ,MK.SMR_ERD;MK.BOLD_TPJ
SOC-JA-001,SOC-JA,MK.SMR_ERD;MK.interbrain_synchrony,MK.SMR_ERD;MK.interbrain_synchrony
SOC-MORAL-001,SOC-MORAL,MK.BOLD_mPFC,MK.BOLD_mPFC
SOC-NAME-001,SOC-NAME,MK.P3b,MK.P3b
SOC-NAME-002,SOC-NAME,MK.P3b,MK.P3b
SOC-PAIN-001,SOC-PAIN,MK.LPP;MK.BOLD_anterior_insula,MK.LPP;MK.BOLD_anterior_insula
SOC-PAIN-002,SOC-PAIN,MK.LPP;MK.BOLD_anterior_insula,MK.LPP;MK.BOLD_anterior_insula
SOC-RACE-001,SOC-RACE,MK.P2_visual,MK.P2_visual
SOC-RME-001,SOC-RME,MK.BOLD_TPJ;MK.BOLD_mPFC,MK.BOLD_TPJ;MK.BOLD_mPFC
SOC-SELF-001,SOC-SELF,MK.N170;MK.P3b,MK.N170;MK.P3b
SOC-SFB-001,SOC-SFB,MK.BOLD_dACC,MK.BOLD_dACC
SOC-TOM-001,SOC-TOM,MK.BOLD_TPJ,MK.BOLD_TPJ
SOC-TOM-002,SOC-TOM,MK.BOLD_TPJ,MK.BOLD_TPJ
SOC-TPP-001,SOC-TPP,MK.BOLD_dlPFC,MK.BOLD_dlPFC
SOC-TRUST-001,SOC-TRUST,MK.FRN;MK.BOLD_striatum_reward,MK.FRN;MK.BOLD_striatum_reward
SOC-TRUST-002,SOC-TRUST,MK.FRN;MK.BOLD_striatum_reward,MK.FRN;MK.BOLD_striatum_reward
SOC-TRUST-003,SOC-TRUST,MK.BOLD_striatum_reward,MK.FRN;MK.BOLD_striatum_reward
SOC-UG-001,SOC-UG,MK.FRN;MK.BOLD_anterior_insula,MK.FRN;MK.BOLD_anterior_insula
SOC-VPT-001,SOC-VPT,MK.BOLD_TPJ;MK.alpha_posterior,MK.BOLD_TPJ;MK.alpha_posterior
SOC-WIT-001,SOC-WIT,MK.P2_visual;MK.N2_frontocentral,MK.P2_visual;MK.N2_frontocentral
SSR-ASSR-001,SSR-ASSR,MK.ASSR,MK.ASSR
SSR-ASSR-002,SSR-ASSR,MK.ASSR,MK.ASSR
SSR-BEAT-001,SSR-BEAT,MK.SSEP_beat,MK.SSEP_beat
SSR-CVEP-001,SSR-CVEP,MK.cVEP,MK.cVEP
SSR-CVEP-002,SSR-CVEP,MK.cVEP,MK.cVEP
SSR-CVEP-003,SSR-CVEP,MK.cVEP,MK.cVEP
SSR-FFR-001,SSR-FFR,MK.FFR,MK.FFR
SSR-FFR-002,SSR-FFR,MK.FFR,MK.FFR
SSR-FPAS-001,SSR-FPAS,MK.FPAS_oddball,MK.FPAS_oddball
SSR-FPVS-001,SSR-FPVS,MK.FPVS_oddball,MK.FPVS_oddball
SSR-IM-001,SSR-IM,MK.intermodulation,MK.intermodulation
SSR-NSSEP-001,SSR-NSSEP,MK.SSEP_nociceptive,MK.SSEP_nociceptive
SSR-RVS-001,SSR-RVS,MK.oscillatory_entrainment,MK.oscillatory_entrainment
SSR-SSMVEP-001,SSR-SSMVEP,MK.SSMVEP,MK.SSMVEP
SSR-SSSEP-001,SSR-SSSEP,MK.SSSEP,MK.SSSEP
SSR-SSSEP-002,SSR-SSSEP,MK.SSSEP,MK.SSSEP
SSR-SSVEP-001,SSR-SSVEP,MK.SSVEP,MK.SSVEP
SSR-SSVEP-002,SSR-SSVEP,MK.SSVEP,MK.SSVEP
SSR-SSVEP-003,SSR-SSVEP,MK.SSVEP,MK.SSVEP
SSR-SSVEP-004,SSR-SSVEP,MK.SSVEP,MK.SSVEP
SSR-SSVEP-005,SSR-SSVEP,MK.SSVEP,MK.SSVEP
SSR-SSVEP-007,SSR-SSVEP,MK.SSVEP,MK.SSVEP
SSR-SSVEP-008,SSR-SSVEP,MK.SSVEP,MK.SSVEP
SSR-SWEEP-001,SSR-SWEEP,MK.SSVEP,MK.SSVEP
STA-ANES-001,STA-ANES,MK.slow_wave;MK.frontal_alpha_anesthesia,MK.slow_wave;MK.frontal_alpha_anesthesia
STA-CLAS-001,STA-CLAS,MK.slow_wave;MK.sleep_spindle,MK.slow_wave;MK.sleep_spindle
STA-DREAM-001,STA-DREAM,MK.slow_wave,MK.slow_wave
STA-DRV-001,STA-DRV,MK.alpha_posterior;MK.theta_drowsiness,MK.alpha_posterior;MK.theta_drowsiness
STA-DRV-002,STA-DRV,MK.alpha_posterior;MK.theta_drowsiness,MK.alpha_posterior;MK.theta_drowsiness
STA-ENG-001,STA-ENG,MK.ISC;MK.alpha_posterior,MK.ISC;MK.alpha_posterior
STA-HYPN-001,STA-HYPN,MK.BOLD_dACC;MK.DMN_connectivity,MK.BOLD_dACC;MK.DMN_connectivity
STA-MATB-001,STA-MATB,MK.frontal_midline_theta;MK.alpha_posterior;MK.HbO_prefrontal,MK.frontal_midline_theta;MK.alpha_posterior;MK.HbO_prefrontal
STA-MED-001,STA-MED,MK.alpha_posterior;MK.frontal_midline_theta,MK.alpha_posterior;MK.frontal_midline_theta
STA-MW-001,STA-MW,MK.alpha_posterior;MK.P3b;MK.DMN_connectivity,MK.alpha_posterior;MK.P3b;MK.DMN_connectivity
STA-MW-002,STA-MW,MK.alpha_posterior;MK.P3b,MK.alpha_posterior;MK.P3b;MK.DMN_connectivity
STA-NF-001,STA-NF,MK.SMR_ERD;MK.alpha_posterior,MK.SMR_ERD;MK.alpha_posterior;MK.BOLD_amygdala
STA-NF-002,STA-NF,MK.BOLD_amygdala,MK.SMR_ERD;MK.alpha_posterior;MK.BOLD_amygdala
STA-PSY-001,STA-PSY,MK.alpha_posterior;MK.DMN_connectivity,MK.alpha_posterior;MK.DMN_connectivity
STA-PVT-001,STA-PVT,MK.alpha_posterior;MK.theta_drowsiness,MK.alpha_posterior;MK.theta_drowsiness
STA-REST-001,STA-REST,MK.alpha_posterior;MK.DMN_connectivity,MK.alpha_posterior;MK.DMN_connectivity
STA-REST-002,STA-REST,MK.alpha_posterior,MK.alpha_posterior;MK.DMN_connectivity
STA-SCP-001,STA-SCP,MK.SCP,MK.SCP
STA-SCP-002,STA-SCP,MK.SCP,MK.SCP
STA-SLP-001,STA-SLP,MK.sleep_spindle;MK.slow_wave,MK.sleep_spindle;MK.slow_wave
STA-SLP-002,STA-SLP,MK.sleep_spindle;MK.slow_wave,MK.sleep_spindle;MK.slow_wave
STM-ADBS-001,STM-ADBS,MK.subthalamic_beta,MK.subthalamic_beta
STM-CCEP-001,STM-CCEP,MK.CCEP,MK.CCEP
STM-DBSEP-001,STM-DBSEP,MK.ERNA;MK.DBS_cortical_EP,MK.ERNA;MK.DBS_cortical_EP
STM-GVS-001,STM-GVS,MK.BOLD_vestibular_cortex,MK.BOLD_vestibular_cortex
STM-PAS-001,STM-PAS,MK.TEP;MK.SEP_N20,MK.TEP;MK.SEP_N20
STM-PBM-001,STM-PBM,MK.alpha_posterior,MK.alpha_posterior
STM-PHTMS-001,STM-PHTMS,MK.SMR_ERD,MK.SMR_ERD
STM-SEP-001,STM-SEP,MK.SEP_N20,MK.SEP_N20
STM-TACS-001,STM-TACS,MK.oscillatory_entrainment;MK.tES_power_aftereffect,MK.oscillatory_entrainment;MK.tES_power_aftereffect
STM-TAVNS-001,STM-TAVNS,MK.P3b,MK.P3b
STM-TDCS-001,STM-TDCS,MK.tES_power_aftereffect;MK.BOLD_stimulated_region,MK.tES_power_aftereffect;MK.BOLD_stimulated_region
STM-TEP-001,STM-TEP,MK.TEP,MK.TEP
STM-TI-001,STM-TI,MK.BOLD_stimulated_region,MK.BOLD_stimulated_region
STM-TMSFMRI-001,STM-TMSFMRI,MK.BOLD_stimulated_region,MK.BOLD_stimulated_region
STM-TUS-001,STM-TUS,MK.BOLD_stimulated_region;MK.SEP_N20,MK.BOLD_stimulated_region;MK.SEP_N20
STM-VIB-001,STM-VIB,MK.BOLD_motor_network,MK.BOLD_motor_network
