lead_id,for_paradigm,authors,year,title,venue,doi,pmid,url,seen_via,verified
DN01,MEM-NBK-001,Kirchner WK,1958,Age differences in short-term retention of rapidly changing information,Journal of Experimental Psychology 55(4),10.1037/h0043688,13539317,https://en.wikipedia.org/wiki/N-back,WebFetch of Wikipedia 'N-back' reference list (after WebSearch #23),false
DN02,MEM-FR-001,Murdock BB,1962,The serial position effect of free recall,Journal of Experimental Psychology 64(5),,,https://en.wikipedia.org/wiki/Free_recall,WebFetch of Wikipedia 'Free recall' reference list (after WebSearch #27),false
DN03,MEM-RC-001,"Griffin IC, Nobre AC",2003,Orienting attention to locations in internal representations,Journal of Cognitive Neuroscience 15(8),,,https://read.qxmd.com/read/14709235/orienting-attention-to-locations-in-internal-representations,WebSearch #17 + WebFetch of qxmd page,false
DN04,MEM-SME-001,"Paller KA, Kutas M, Mayes AR",1987,Neural correlates of encoding in an incidental paradigm,Electroencephalography and Clinical Neurophysiology 67,,,https://faculty.wcas.northwestern.edu/paller/Psychophysiol87.pdf,WebSearch #21 + WebFetch of author PDF (title as returned by fetch; the usual title includes 'incidental learning paradigm' - check),false
DN05,MEM-DS-001,Jacobs J,1887,Experiments on 'prehension',Mind os-12(45),,,https://support.gorilla.sc/support/educational-resources/classic-psychology-tasks/digit-span,WebSearch #25 + WebFetch of Gorilla digit-span page reference,false
DN06,MEM-DS-001,,,Oscillatory delta and theta frequencies differentially support multiple items encoding to optimize memory performance during the digit span task,,,36167270,https://pubmed.ncbi.nlm.nih.gov/36167270/,WebSearch #28,false
DN07,MEM-DS-001,,,Assessment of working memory abilities using an event-related brain potential (ERP)-compatible digit span backward task,,,15908268,https://pubmed.ncbi.nlm.nih.gov/15908268/,WebSearch #28,false
DN08,LAN-HIER-001,"Ding N, Melloni L, Zhang H, Tian X, Poeppel D",2016,Cortical tracking of hierarchical linguistic structures in connected speech,Nature Neuroscience 19(1),10.1038/nn.4186,,https://pure.mpg.de/pubman/item/item_2375635_5,WebSearch #18 + WebFetch of MPG PuRe record,false
DN09,LAN-LOC-001,"Fedorenko E, Hsieh PJ, Nieto-Castanon A, Whitfield-Gabrieli S, Kanwisher N",2010,New method for fMRI investigations of language: defining ROIs functionally in individual subjects,Journal of Neurophysiology,,20410363,https://neurosynth.org/studies/20410363,WebSearch #19 + WebFetch of Neurosynth record,false
DN10,LAN-READ-001,"Dimigen O, Sommer W, Hohlfeld A, Jacobs AM, Kliegl R",2011,Coregistration of eye movements and EEG in natural reading: analyses and review,Journal of Experimental Psychology: General 140(4),10.1037/a0023885,,https://research.rug.nl/en/publications/coregistration-of-eye-movements-and-eeg-in-natural-reading-analys/,WebSearch #20 + WebFetch of RUG research portal,false
DN11,MEM-PA-001,,,"Paired Associate Learning Task (Cognitive Atlas task entry; states the task was 'invented by Mary Whiton Calkins in 1894', no bibliographic record)",,,,https://cognitiveatlas.org/task/id/trm_4da88a2a63d97/,WebSearch #26 + WebFetch of Cognitive Atlas page,false
DN12,MEM-RIF-001,"Wimber M, Alink A, Charest I, Kriegeskorte N, Anderson MC",2015,Retrieval induces adaptive forgetting of competing memories via cortical pattern suppression,Nature Neuroscience,,25774450,https://neuinfo.org/literature/pmid:25774450?rpKey=on,WebSearch #1 + WebFetch of NIF record,false
DN13,MEM-RIF-001,,,Neural Markers of Inhibition in Human Memory Retrieval,,,,https://pred.uni-regensburg.de/id/eprint/29935/,WebSearch #1,false
DN14,MEM-RIF-001,"Anderson MC, Bjork RA, Bjork EL",1994,Remembering can cause forgetting: Retrieval dynamics in long-term memory,"Journal of Experimental Psychology: Learning, Memory, and Cognition 20(5)",,,https://bjorklab.psych.ucla.edu/wp-content/uploads/sites/13/2016/07/Anderson_RBjork_EBjork_1994.pdf,WebSearch #29 + WebFetch of lab PDF,false
DN15,MEM-RPT-001,"Jonides J, Nee DE",2006,Brain mechanisms of proactive interference in working memory,Neuroscience 139,10.1016/j.neuroscience.2005.06.042,,https://www.ocf.berkeley.edu/~denee/assets/jonidesneeneurosci2006.pdf,WebSearch #2 + WebFetch of author PDF (states the paradigm is due originally to Monsell 1978),false
DN16,MEM-CIT-001,"Gamer M, Berti S",2012,P300 amplitudes in the concealed information test are less affected by depth of processing than electrodermal responses,Frontiers in Human Neuroscience,10.3389/fnhum.2012.00308,,https://www.frontiersin.org/journals/human-neuroscience/articles/10.3389/fnhum.2012.00308/pdf,WebSearch #3 + WebFetch,false
DN17,MEM-CIT-001,"Farwell LA, Donchin E",1991,The truth will out: Interrogative polygraphy ('lie detection') with event-related brain potentials,Psychophysiology 28(5),10.1111/j.1469-8986.1991.tb01990.x,,https://digitalcommons.usf.edu/psy_facpub/311,WebSearch #24 + WebFetch of USF record,false
DN18,MEM-EFT-001,"Addis DR, Wong AT, Schacter DL",2007,Remembering the past and imagining the future: Common and distinct neural substrates during event construction and elaboration,Neuropsychologia,10.1016/j.neuropsychologia.2006.10.016,,https://confluence.cornell.edu/download/attachments/89461995/addis_etal_future_mri_07.pdf?api=v2,WebSearch #4 + WebFetch of PDF,false
DN19,MEM-EFT-001,,,Contributions of Episodic Memory to Imagining the Future,,,,https://sites.harvard.edu/schacter-memory/files/2022/09/Contributions-of-Episodic-Memory-to-Imagining-the-Future.pdf,WebSearch #4,false
DN20,MEM-RMEM-001,,,Motivated Memories: Effects of Reward and Recollection in the Core Recollection Network and Beyond,,,24872520,https://pubmed.ncbi.nlm.nih.gov/24872520/,WebSearch #5,false
DN21,MEM-RMEM-001,,,Contextual interaction between novelty and reward processing within the mesolimbic system,,,21520353,https://pubmed.ncbi.nlm.nih.gov/21520353,WebSearch #5,false
DN22,MEM-RPRIM-001,,,Neural Correlates of Repetition Priming: A Coordinate-Based Meta-Analysis of fMRI Studies,,,33192395,https://pubmed.ncbi.nlm.nih.gov/33192395/,WebSearch #6,false
DN23,MEM-RPRIM-001,,,Sparing of perceptual implicit memory despite suppression of the electrophysiological word repetition effect: a study with general anesthetic isoflurane,,,15351383,https://pubmed.ncbi.nlm.nih.gov/15351383/,WebSearch #6,false
DN24,MEM-RPRIM-001,,,Neural response suppression predicts repetition priming of spoken words and pseudowords,,,16859411,https://pubmed.ncbi.nlm.nih.gov/16859411/,WebSearch #6,false
DN25,MEM-DE-001,,,Adaptive visual working memory: Expecting a delayed estimation task enhances visual working memory precision,,,36355704,https://pubmed.ncbi.nlm.nih.gov/36355704,WebSearch #16,false
DN26,MEM-DE-001,,,Contralateral Delay Activity Tracks Fluctuations in Working Memory Performance,,,29308988,https://pubmed.ncbi.nlm.nih.gov/29308988,WebSearch #16,false
DN27,LAN-SWITCH-001,,,Role of inhibition in language switching: evidence from event-related brain potentials in overt picture naming,,,19084830,https://pubmed.ncbi.nlm.nih.gov/19084830/,WebSearch #7,false
DN28,LAN-SWITCH-001,,,ERP correlates of a receptive language-switching task,,,14742175,https://pubmed.ncbi.nlm.nih.gov/14742175/,WebSearch #7,false
DN29,LAN-CPS-001,,,Brain potentials indicate immediate use of prosodic cues in natural speech processing,,,,https://www.nature.com/articles/nn0299_191,WebSearch #8,false
DN30,LAN-CPS-001,,,"Prosodic boundaries, comma rules, and brain responses: the closure positive shift in ERPs as a universal marker for prosodic phrasing in listeners and readers",,,11523275,https://pubmed.ncbi.nlm.nih.gov/11523275/,WebSearch #8,false
DN31,LAN-VWFA-001,,,Language-specific tuning of visual cortex? Functional properties of the Visual Word Form Area,,,11960895,https://pubmed.ncbi.nlm.nih.gov/11960895/,WebSearch #9,false
DN32,LAN-VWFA-001,,,"Fast, visual specialization for reading in English revealed by the topography of the N170 ERP response",,,16091138,https://pubmed.ncbi.nlm.nih.gov/16091138/,WebSearch #9,false
DN33,LAN-SL-001,,,Statistical learning by 8-month-old infants,,,8943209,https://pubmed.ncbi.nlm.nih.gov/8943209/,WebSearch #30,false
DN34,LAN-SL-001,,,The relationship between neural phase entrainment and statistical word-learning: A scoping review,,,38062317,https://pubmed.ncbi.nlm.nih.gov/38062317/,WebSearch #10,false
DN35,LAN-GEST-001,,,How iconic gestures enhance communication: an ERP study,,,17222897,https://pubmed.ncbi.nlm.nih.gov/17222897/,WebSearch #11,false
DN36,LAN-GEST-001,,,The role of synchrony and ambiguity in speech-gesture integration during comprehension,,,20201632,https://pubmed.ncbi.nlm.nih.gov/20201632/,WebSearch #11,false
DN37,LAN-NWL-001,,,Implicit and explicit mechanisms of word learning in a narrative context: an event-related potential study,,,21452941,https://pubmed.ncbi.nlm.nih.gov/21452941/,WebSearch #12,false
DN38,LAN-NWL-001,,,Rapid acquisition of novel written word-forms: ERP evidence,,,33267883,https://pubmed.ncbi.nlm.nih.gov/33267883/,WebSearch #12,false
DN39,LAN-SIS-001,,,Speaking modifies voice-evoked activity in the human auditory cortex,,,10770228,https://pubmed.ncbi.nlm.nih.gov/10770228/,WebSearch #13,false
DN40,LAN-SIS-001,,,Modulation of the auditory cortex during speech: an MEG study,,,12495520,https://pubmed.ncbi.nlm.nih.gov/12495520/,WebSearch #13,false
DN41,LAN-SEMD-001,,,Lateralized human brain language systems demonstrated by task subtraction functional magnetic resonance imaging,,,7763208,https://pubmed.ncbi.nlm.nih.gov/7763208/,WebSearch #14,false
DN42,LAN-SEMD-001,,,Human brain language areas identified by functional magnetic resonance imaging,,,8987760,https://pubmed.ncbi.nlm.nih.gov/8987760/,WebSearch #14,false
DN43,LAN-PCAT-001,,,Categorical speech representation in human superior temporal gyrus,,,20890293,https://pubmed.ncbi.nlm.nih.gov/20890293/,WebSearch #15,false
DN44,LAN-PCAT-001,,,Phonetic feature encoding in human superior temporal gyrus,,,24482117,https://pubmed.ncbi.nlm.nih.gov/24482117/,WebSearch #15,false
DN45,LAN-SIGN-001,,,Cerebral organization for language in deaf and hearing subjects: Biological constraints and effects of experience,PNAS 95(3),10.1073/pnas.95.3.922,,http://www.pnas.org/content/95/3/922.full,WebSearch #22 (DOI visible in result URL),false
DN46,LAN-SIGN-001,,,Sign and speech: amodal commonality in left hemisphere dominance for comprehension of sentences,,,15728651,https://pubmed.ncbi.nlm.nih.gov/15728651/,WebSearch #22,false
DN47,MEM-CIT-002,"Rosenfeld JP, Labkovsky E, Winograd M, Lui MA, Vandenboom C, Chedid E",2008,"The Complex Trial Protocol (CTP): A new, countermeasure-resistant, accurate, P300-based method for detection of concealed information",Psychophysiology 45(6):906-919,10.1111/j.1469-8986.2008.00708.x,,https://scholars.hkbu.edu.hk/en/publications/the-complex-trial-protocol-ctp-a-new-countermeasure-resistant-acc/,sprint 2 WebSearch S2-03 + WebFetch S2-F01,false
DN48,MEM-NBK-003,"Jaeggi SM, Seewer R, Nirkko AC, Eckstein D, Schroth G, Groner R, Gutbrod K",2003,Does excessive memory load attenuate activation in the prefrontal cortex? Load-dependent processing in single and dual tasks: functional magnetic resonance imaging study,,,,https://en.wikipedia.org/wiki/N-back,sprint 2 WebFetch S2-F05 of Wikipedia reference list (journal not shown),false
DN49,MEM-NBK-004,"Jaeggi SM, Buschkuehl M, Jonides J, Perrig WJ",2008,Improving fluid intelligence with training on working memory,Proceedings of the National Academy of Sciences of the United States of America 105(19):6829-6833,,,https://en.wikipedia.org/wiki/N-back,sprint 2 WebSearch S2-02 + WebFetch S2-F04 of Wikipedia reference list,false
DN50,MEM-NBK-002;LAN-VF-002,"Shin J, von Lühmann A, Kim DW, Mehnert J, Hwang HJ, Müller KR",2018,Simultaneous acquisition of EEG and NIRS during cognitive tasks for an open access dataset,Scientific Data 5:180003,10.1038/sdata.2018.3,,https://doc.ml.tu-berlin.de/publications/bib/shin_simultaneous_2018.bib.txt,sprint 2 WebSearch S2-01 + WebFetch S2-F03 (BibTeX); PMC page (S2-F02) returned reCAPTCHA,false
DN51,MEM-PM-002,"Oksanen KM, Waldum ER, McDaniel MA, Braver TS",2014,Neural mechanisms of time-based prospective memory: Evidence for transient monitoring,PLoS ONE 9(3),10.1371/journal.pone.0092123,,https://profiles.wustl.edu/en/publications/neural-mechanisms-of-time-based-prospective-memory-evidence-for-t/,sprint 2 WebSearch S2-07 + WebFetch S2-F07,false
DN52,MEM-TMR-002,,2007,Odor cues during slow-wave sleep prompt declarative memory consolidation,Science,,17347444,https://fis.uke.de/portal/en/publications/odor-cues-during-slowwave-sleep-prompt-declarative-memory-consolidation(5a687f69-dcc4-43a2-8fee-d59944c52b51).html,sprint 2 WebSearch S2-04 + WebFetch S2-F06 (authors not shown on page),false
DN53,LAN-LOC-002,Scott et al.,2017,"(auditory language localizer, intact vs degraded passages; title not shown)","(cited as ""Neuroscience"" on the EvLab page)",,,https://web.mit.edu/evlab/funcloc/,sprint 2 WebSearch S2-05 + WebFetch S2-F08,false
