entity_type,entity_id,pkg,check_status,source_api,matched_doi,matched_pmid,corrected_fields,note,checker,date
concrete,LAN-AGL-001,D,confirmed,Crossref,10.1016/s0022-5371(67)80149-x,,,"title, first author, year, venue, volume/issue/pages agree with the record",curator_c,2026-10-05
concrete,LAN-CPS-001,D,corrected,Crossref,10.1038/5757,,doi;year;citation(authors/year/journal/volume/issue/pages),rewritten in house style from the Crossref record,curator_c,2026-10-05
concrete,LAN-CPS-002,D,corrected,OpenAlex,10.1023/a:1010443001646,11523275,doi;year;citation(authors/year/journal/volume/issue/pages),rewritten in house style from the OpenAlex record,curator_c,2026-10-05
concrete,LAN-GEST-001,D,tbd_resolved,OpenAlex,10.1016/s0093-934x(03)00335-3,,citation;doi;year,"candidate origin found by bibliographic search; content unverified. speech-gesture match/mismatch ERP paradigm (Kelly, Kravitz & Hopkins)",curator_c,2026-10-05
concrete,LAN-HIER-001,D,corrected,Crossref,10.1038/nn.4186,,citation(pages),rewritten in house style from the Crossref record; Crossref issued 2015 (online); print volume 19(1) is 2016 - citation year kept at 2016,curator_c,2026-10-05
concrete,LAN-LDT-001,D,confirmed,Crossref,10.1037/h0031564,5134329,,"title, first author, year, venue, volume/issue/pages agree with the record",curator_c,2026-10-05
concrete,LAN-LOC-001,D,corrected,OpenAlex,10.1152/jn.00032.2010,20410363,doi;citation(volume/issue/pages),rewritten in house style from the OpenAlex record,curator_c,2026-10-05
concrete,LAN-LOC-002,D,corrected,Crossref,10.1080/17588928.2016.1201466,,doi;citation(journal/volume/issue/pages),"rewritten in house style from the Crossref record; Crossref issued 2016 (online first); vol 8(3) printed 2017 (matches EvLab citation ""Scott et al., 2017""); year kept at 2017",curator_c,2026-10-05
concrete,LAN-MUS-001,D,corrected,OpenAlex,10.1162/089892998563121,9831740,doi;year;citation(authors/year/journal/volume/issue/pages),rewritten in house style from the OpenAlex record,curator_c,2026-10-05
concrete,LAN-N400-001,D,corrected,OpenAlex,10.1016/0301-0511(80)90046-0,7272388,doi;year;citation(authors/year/journal/volume/issue/pages),rewritten in house style from the OpenAlex record,curator_c,2026-10-05
concrete,LAN-N400-002,D,corrected,OpenAlex,10.1038/307161a0,6690995,doi;year;citation(authors/year/journal/volume/issue/pages),rewritten in house style from the OpenAlex record,curator_c,2026-10-05
concrete,LAN-NAT-001,D,corrected,OpenAlex,10.1016/j.neuron.2007.06.004,17582338,doi;year;citation(authors/year/volume/issue/pages),rewritten in house style from the OpenAlex record,curator_c,2026-10-05
concrete,LAN-NWL-001,D,tbd_resolved,Crossref,10.1037/0278-7393.31.6.1281,,citation;doi;year,"candidate origin found by bibliographic search; content unverified. novel-word learning with N400 test after training (Perfetti, Wlotko & Hart 2005); earlier behavioural word-learning procedures may exist",curator_c,2026-10-05
concrete,LAN-OVS-001,D,corrected,OpenAlex,10.1038/nature11911,23426266,doi;year;citation(authors/year/journal/volume/issue/pages),rewritten in house style from the OpenAlex record,curator_c,2026-10-05
concrete,LAN-OVS-002,D,corrected,OpenAlex,10.1056/nejmoa2027540,34260835,doi;year;citation(authors/year/journal/volume/issue/pages),rewritten in house style from the OpenAlex record,curator_c,2026-10-05
concrete,LAN-OVS-003,D,corrected,OpenAlex,10.1038/s41586-023-06377-x,37612500,doi;year;citation(authors/year/journal/volume/issue/pages),rewritten in house style from the OpenAlex record; both Nature 2023 speech-neuroprosthesis papers (Willett; Metzger) were published 2023-08-23 in the same issue - the order question in the notes is moot,curator_c,2026-10-05
variant:LAN-OVS-003,Speech synthesis and avatar output (ECoG),D,corrected,OpenAlex,10.1038/s41586-023-06443-4,37612505,doi;year;citation(authors/year/journal/volume/issue/pages),rewritten in house style from the OpenAlex record; same issue/date as 37612500 (pages 1037-1046 vs 1031-1036),curator_c,2026-10-05
concrete,LAN-P600-001,D,corrected,Crossref,10.1080/01690969308407585,,doi;year;citation(authors/year/journal/volume/issue/pages),rewritten in house style from the Crossref record,curator_c,2026-10-05
concrete,LAN-P600-002,D,corrected,OpenAlex,10.1037/0278-7393.20.4.786,8064247,doi;year;citation(authors/year/journal/volume/issue/pages),rewritten in house style from the OpenAlex record,curator_c,2026-10-05
concrete,LAN-PCAT-001,D,corrected,OpenAlex,10.1038/nn.2641,20890293,doi;year;citation(authors/year/journal/volume/issue/pages),rewritten in house style from the OpenAlex record,curator_c,2026-10-05
concrete,LAN-PHA-001,D,corrected,Crossref,10.1073/pnas.95.5.2636,9482939,citation(volume/issue/pages),rewritten in house style from the Crossref record,curator_c,2026-10-05
concrete,LAN-PN-001,D,corrected,OpenAlex,10.1212/wnl.57.11.2045,11739824,doi;year;citation(authors/year/journal/volume/issue/pages),rewritten in house style from the OpenAlex record,curator_c,2026-10-05
concrete,LAN-PN-002,D,tbd_resolved,OpenAlex,10.2307/1128859,,citation;doi;year,"candidate origin found by bibliographic search; content unverified. picture-word interference naming task (Rosinski, Golinkoff & Kukish 1975, behavioural; D-031 par.1); OpenAlex gives first page only (247)",curator_c,2026-10-05
concrete,LAN-PRIME-001,D,confirmed,Crossref,10.1037/h0031564,5134329,,"title, first author, year, venue, volume/issue/pages agree with the record",curator_c,2026-10-05
concrete,LAN-PRIME-002,D,tbd_resolved,OpenAlex,10.1016/0010-0285(83)90009-9,,citation;doi;year,"candidate origin found by bibliographic search; content unverified. masked semantic priming with pattern-masked primes (Marcel 1983, behavioural; D-031 par.1)",curator_c,2026-10-05
concrete,LAN-READ-001,D,corrected,OpenAlex,10.1037/a0023885,,citation(pages),rewritten in house style from the OpenAlex record,curator_c,2026-10-05
concrete,LAN-SC-001,D,corrected,Crossref,10.1016/0010-0285(82)90008-1,,citation(volume/issue/pages),rewritten in house style from the Crossref record,curator_c,2026-10-05
concrete,LAN-SC-002,D,corrected,OpenAlex,10.1073/pnas.95.3.922,,year;citation(authors/year/pages),rewritten in house style from the OpenAlex record,curator_c,2026-10-05
concrete,LAN-SEMD-001,D,corrected,OpenAlex,10.1001/archneur.1995.00540300067015,7763208,doi;year;citation(authors/year/journal/volume/issue/pages),rewritten in house style from the OpenAlex record,curator_c,2026-10-05
concrete,LAN-SIS-001,D,corrected,OpenAlex,10.1002/(sici)1097-0193(200004)9:4<183::aid-hbm1>3.0.co;2-z,10770228,doi;year;citation(authors/year/volume/issue/pages),rewritten in house style from the OpenAlex record,curator_c,2026-10-05
concrete,LAN-SIS-002,D,corrected,OpenAlex,10.1162/089892902760807140,12495520,doi;year;citation(authors/year/journal/volume/issue/pages),rewritten in house style from the OpenAlex record,curator_c,2026-10-05
concrete,LAN-SL-001,D,corrected,OpenAlex,10.1126/science.274.5294.1926,8943209,doi;year;citation(authors/year/journal/volume/issue/pages),rewritten in house style from the OpenAlex record,curator_c,2026-10-05
concrete,LAN-SWITCH-001,D,tbd_resolved,OpenAlex,10.1006/jmla.1998.2602,,citation;doi;year,"candidate origin found by bibliographic search; content unverified. cued bilingual naming switch task (Meuter & Allport 1999, behavioural; D-031 par.1)",curator_c,2026-10-05
concrete,LAN-SWITCH-002,D,corrected,OpenAlex,10.1080/02724980343000198,14742175,doi;year;citation(authors/year/journal/volume/issue/pages),rewritten in house style from the OpenAlex record,curator_c,2026-10-05
concrete,LAN-VF-001,D,not_found,Crossref,,,,"test manual (Benton, Hamsher & Sivan, Multilingual Aphasia Examination, AJA Associates) has no Crossref record; search returned only secondary papers (Schum, Sivan & Benton 1989; Hamsher 1998)",curator_c,2026-10-05
concrete,LAN-VF-002,D,confirmed,Crossref,10.1038/sdata.2018.3,,,"title, first author, year, venue, volume/issue/pages agree with the record",curator_c,2026-10-05
concrete,LAN-VF-003,D,tbd_resolved,OpenAlex,10.1016/s0361-9230(03)00066-2,,citation;doi;year,"candidate origin found by bibliographic search; content unverified. fNIRS verbal-fluency block design (Herrmann, Ehlis & Fallgatter 2003); earlier NIRS VFT reports by the same group (1997) not searched (budget)",curator_c,2026-10-05
concrete,LAN-VG-001,D,corrected,Crossref,10.1038/331585a0,3277066,citation(volume/issue/pages),rewritten in house style from the Crossref record,curator_c,2026-10-05
concrete,LAN-VWFA-001,D,corrected,OpenAlex,10.1093/brain/awf094,11960895,doi;year;citation(authors/year/journal/volume/issue/pages),rewritten in house style from the OpenAlex record,curator_c,2026-10-05
concrete,MEM-CD-001,D,corrected,Crossref,10.1038/36846,9384378,citation(pages),rewritten in house style from the Crossref record,curator_c,2026-10-05
concrete,MEM-CD-002,D,corrected,OpenAlex,10.1037/xhp0001066,36355704,doi;year;citation(authors/year/journal/volume/issue/pages),rewritten in house style from the OpenAlex record; OpenAlex publication_year 2022 (online first); print volume 49(1) is 2023,curator_c,2026-10-05
concrete,MEM-CD-003,D,corrected,Crossref,10.1038/nature02447,15085132,citation(pages),rewritten in house style from the Crossref record,curator_c,2026-10-05
concrete,MEM-CFMT-001,D,confirmed,Crossref,10.1016/j.neuropsychologia.2005.07.001,16169565,,"title, first author, year, venue, volume/issue/pages agree with the record",curator_c,2026-10-05
concrete,MEM-CIT-001,D,corrected,Crossref,10.1111/j.1469-8986.1991.tb01990.x,,citation(pages),rewritten in house style from the Crossref record,curator_c,2026-10-05
concrete,MEM-CIT-002,D,confirmed,Crossref,10.1111/j.1469-8986.2008.00708.x,,,"title, first author, year, venue, volume/issue/pages agree with the record",curator_c,2026-10-05
concrete,MEM-DF-001,D,corrected,Crossref,10.1016/s0022-5371(70)80059-7,,citation(pages),rewritten in house style from the Crossref record,curator_c,2026-10-05
concrete,MEM-DF-002,D,tbd_resolved,Crossref,10.3758/bf03331404,,citation;doi;year,"candidate origin found by bibliographic search; content unverified. list-method directed forgetting (Bjork, LaBerge & Legrand 1968); earlier than the class/-001 source Bjork 1970 - D-062 class-source question for the maintainer, content unverified",curator_c,2026-10-05
concrete,MEM-DMS-001,D,corrected,Crossref,10.1126/science.173.3997.652,4998337,citation(pages),rewritten in house style from the Crossref record,curator_c,2026-10-05
concrete,MEM-DRM-001,D,corrected,OpenAlex,10.1037/h0046671,13664879,citation(pages),rewritten in house style from the OpenAlex record,curator_c,2026-10-05
concrete,MEM-DS-001,D,corrected,Crossref,10.1093/mind/os-12.45.75,,doi;citation(pages),rewritten in house style from the Crossref record,curator_c,2026-10-05
concrete,MEM-DS-002,D,tbd_resolved,Crossref,10.1037/10020-000,,citation;doi;year,"candidate origin found by bibliographic search; content unverified. backward digit span as standardised test (Wechsler 1939, Wechsler-Bellevue Digits Backward; book/test manual, D-031 par.1); earlier Binet-type backward-span procedures not searched",curator_c,2026-10-05
concrete,MEM-EFT-001,D,corrected,Crossref,10.1016/j.neuropsychologia.2006.10.016,,citation(volume/issue/pages),rewritten in house style from the Crossref record,curator_c,2026-10-05
concrete,MEM-FR-001,D,corrected,Crossref,10.1037/h0045106,,doi;citation(pages),rewritten in house style from the Crossref record,curator_c,2026-10-05
concrete,MEM-FR-002,D,not_found,Crossref,,,,"handbook (Lezak et al. 2012, Neuropsychological Assessment, OUP); two Crossref bibliographic searches were refused (HTTP 429); not resolvable this sprint",curator_c,2026-10-05
concrete,MEM-META-001,D,confirmed,Crossref,10.1037/h0022263,5825050,,"title, first author, year, venue, volume/issue/pages agree with the record",curator_c,2026-10-05
concrete,MEM-META-002,D,corrected,Crossref,10.1111/j.1467-9280.1991.tb00147.x,,citation(pages),pages corrected 267-270 -> 267-271; rewritten in house style from the Crossref record,curator_c,2026-10-05
concrete,MEM-MST-001,D,confirmed,Crossref,10.1101/lm.663507,17848502,,"title, first author, year, venue, volume/issue/pages agree with the record",curator_c,2026-10-05
concrete,MEM-MST-002,D,confirmed,Crossref,10.1126/science.1152882,18356518,,"title, first author, year, venue, volume/issue/pages agree with the record",curator_c,2026-10-05
concrete,MEM-NAV-001,D,corrected,OpenAlex,10.1126/science.280.5365.921,9572740,citation(pages),rewritten in house style from the OpenAlex record,curator_c,2026-10-05
concrete,MEM-NAV-002,D,corrected,Crossref,10.1016/j.bbr.2003.08.024,15084426,citation(volume/issue/pages),rewritten in house style from the Crossref record,curator_c,2026-10-05
concrete,MEM-NAV-003,D,tbd_resolved,Crossref,10.1016/s0166-4328(98)00019-9,,citation;doi;year,"candidate origin found by bibliographic search; content unverified. human virtual Morris water task (Astur, Ortiz & Sutherland 1998; same group as lead R0289); Crossref title ends with a colon (subtitle missing in record)",curator_c,2026-10-05
concrete,MEM-NBK-001,D,corrected,Crossref,10.1037/h0043688,13539317,citation(pages),rewritten in house style from the Crossref record,curator_c,2026-10-05
concrete,MEM-NBK-002,D,tbd_resolved,Crossref,10.1006/nimg.1996.0247,,citation;doi;year,candidate origin found by bibliographic search; content unverified. parametric 0/1/2/3-back fMRI block design (Braver et al. 1997),curator_c,2026-10-05
concrete,MEM-NBK-003,D,corrected,Crossref,10.1016/s1053-8119(03)00098-3,,doi;citation(journal/volume/issue/pages),rewritten in house style from the Crossref record,curator_c,2026-10-05
concrete,MEM-NBK-004,D,corrected,Crossref,10.1073/pnas.0801268105,,doi;citation(style),rewritten in house style from the Crossref record,curator_c,2026-10-05
concrete,MEM-ON-001,D,corrected,Crossref,10.1037/0033-295x.87.3.252,,citation(pages),rewritten in house style from the Crossref record,curator_c,2026-10-05
concrete,MEM-ON-002,D,corrected,Crossref,10.1037/h0080017,,citation(volume/issue/pages),rewritten in house style from the Crossref record,curator_c,2026-10-05
concrete,MEM-PA-001,D,tbd_open,Crossref;OpenAlex,,,,"queries: (1) Crossref query.author=Calkins bibliographic ""Association Psychological Review 1894"" -> Calkins 1894 Experimental. (Psychol Rev 1(3):327-329), Calkins 1896 Association (II.) (3(1):32-49), Calkins 1895 Recognition and Association; (2) Crossref same + ""volume 1 issue 5 476"" -> HTTP 429; (3) OpenAlex record of 10.1037/h0065852 -> short note, no abstract. The 1894 ""Association"" paper (Psychol Rev 1(5)) attributed by Cognitive Atlas was not returned; cannot identify the origin bibliographically",curator_c,2026-10-05
concrete,MEM-PA-002,D,tbd_resolved,OpenAlex,10.1093/brain/111.3.695,,citation;doi;year,"candidate origin found by bibliographic search; content unverified. computerised visuospatial paired-associates learning test (Sahakian et al. 1988, CANTAB PAL)",curator_c,2026-10-05
concrete,MEM-PM-001,D,corrected,Crossref,10.1037/0278-7393.16.4.717,,citation(volume/issue/pages),rewritten in house style from the Crossref record,curator_c,2026-10-05
concrete,MEM-PM-002,D,tbd_resolved,OpenAlex,10.1037/0278-7393.21.4.996,,citation;doi;year,"candidate origin found by bibliographic search; content unverified. laboratory time-based prospective memory procedure (Einstein et al. 1995); an earlier time-based procedure (Harris & Wilkins 1982, Human Learning) is not indexed and was not searched",curator_c,2026-10-05
concrete,MEM-RC-001,D,corrected,Crossref,10.1162/089892903322598139,,doi;citation(pages),rewritten in house style from the Crossref record,curator_c,2026-10-05
concrete,MEM-RIF-001,D,corrected,Crossref,10.1037/0278-7393.20.5.1063,,doi;citation(pages),rewritten in house style from the Crossref record,curator_c,2026-10-05
concrete,MEM-RMEM-001,D,tbd_resolved,OpenAlex,10.1016/j.neuron.2006.03.036,,citation;doi;year,"candidate origin found by bibliographic search; content unverified. reward-motivated encoding (Adcock et al. 2006), the attribution already given in the notes",curator_c,2026-10-05
concrete,MEM-RPRIM-001,D,tbd_resolved,Crossref,10.1037/0096-1523.3.1.1,,citation;doi;year,"candidate origin found by bibliographic search; content unverified. repetition priming in lexical decision (Scarborough, Cortese & Scarborough 1977, behavioural; D-031 par.1)",curator_c,2026-10-05
concrete,MEM-RPT-001,D,tbd_resolved,OpenAlex,10.1016/0010-0285(78)90008-7,,citation;doi;year,"candidate origin found by bibliographic search; content unverified. recent-probes task (Monsell 1978), the attribution given by Jonides & Nee 2006 in the notes",curator_c,2026-10-05
concrete,MEM-SB-001,D,corrected,Crossref,10.1126/science.153.3736.652,5939936,citation(pages),rewritten in house style from the Crossref record,curator_c,2026-10-05
concrete,MEM-SME-001,D,corrected,OpenAlex,10.1016/0013-4694(87)90124-6,,doi;citation(issue/pages),title corrected (… incidental learning paradigm); rewritten in house style from the OpenAlex record,curator_c,2026-10-05
concrete,MEM-SRC-001,D,confirmed,OpenAlex,10.1037/0033-2909.114.1.3,8346328,,"title, first author, year, venue, volume/issue/pages agree with the record; OpenAlex author display name ""Michael K. Johnson"" is a disambiguation artefact; initials M. K. agree",curator_c,2026-10-05
concrete,MEM-SRE-001,D,corrected,Crossref,10.1037/0022-3514.35.9.677,,citation(volume/issue/pages),rewritten in house style from the Crossref record,curator_c,2026-10-05
concrete,MEM-SWM-001,D,corrected,Crossref,10.1093/oxfordjournals.bmb.a070866,4937273,citation(pages),rewritten in house style from the Crossref record,curator_c,2026-10-05
concrete,MEM-TMR-001,D,corrected,Crossref,10.1126/science.1179013,19965421,citation(pages),rewritten in house style from the Crossref record; Crossref page field 1079-1079 (one-page Brevia); written as 1079,curator_c,2026-10-05
concrete,MEM-TMR-002,D,corrected,OpenAlex,10.1126/science.1138581,17347444,doi;citation(authors/volume/issue/pages),rewritten in house style from the OpenAlex record,curator_c,2026-10-05
concrete,MEM-TNT-001,D,corrected,Crossref,10.1038/35066572,11268212,citation(issue/pages),rewritten in house style from the Crossref record,curator_c,2026-10-05
class,LAN-AGL,D,confirmed,Crossref,10.1016/s0022-5371(67)80149-x,,,"title, first author, year, venue, volume/issue/pages agree with the record",curator_c,2026-10-05
class,LAN-CPS,D,corrected,Crossref,10.1038/5757,,doi;year;citation(authors/year/journal/volume/issue/pages),rewritten in house style from the Crossref record,curator_c,2026-10-05
class,LAN-GEST,D,tbd_resolved,OpenAlex,10.1016/s0093-934x(03)00335-3,,citation;doi;year,candidate origin found by bibliographic search; content unverified. from LAN-GEST-001,curator_c,2026-10-05
class,LAN-HIER,D,corrected,Crossref,10.1038/nn.4186,,citation(pages),rewritten in house style from the Crossref record; Crossref issued 2015 (online); print volume 19(1) is 2016 - citation year kept at 2016,curator_c,2026-10-05
class,LAN-LDT,D,confirmed,Crossref,10.1037/h0031564,5134329,,"title, first author, year, venue, volume/issue/pages agree with the record",curator_c,2026-10-05
class,LAN-LOC,D,corrected,OpenAlex,10.1152/jn.00032.2010,20410363,doi;citation(volume/issue/pages),rewritten in house style from the OpenAlex record,curator_c,2026-10-05
class,LAN-MUS,D,corrected,OpenAlex,10.1162/089892998563121,9831740,doi;year;citation(authors/year/journal/volume/issue/pages),rewritten in house style from the OpenAlex record,curator_c,2026-10-05
class,LAN-N400,D,corrected,OpenAlex,10.1016/0301-0511(80)90046-0,7272388,doi;year;citation(authors/year/journal/volume/issue/pages),rewritten in house style from the OpenAlex record,curator_c,2026-10-05
class,LAN-NAT,D,corrected,OpenAlex,10.1016/j.neuron.2007.06.004,17582338,doi;year;citation(authors/year/volume/issue/pages),rewritten in house style from the OpenAlex record,curator_c,2026-10-05
class,LAN-NWL,D,tbd_resolved,Crossref,10.1037/0278-7393.31.6.1281,,citation;doi;year,candidate origin found by bibliographic search; content unverified. from LAN-NWL-001,curator_c,2026-10-05
class,LAN-OVS,D,corrected,OpenAlex,10.1038/nature11911,23426266,doi;year;citation(authors/year/journal/volume/issue/pages),rewritten in house style from the OpenAlex record,curator_c,2026-10-05
class,LAN-P600,D,corrected,Crossref,10.1080/01690969308407585,,doi;year;citation(authors/year/journal/volume/issue/pages),rewritten in house style from the Crossref record,curator_c,2026-10-05
class,LAN-PCAT,D,corrected,OpenAlex,10.1038/nn.2641,20890293,doi;year;citation(authors/year/journal/volume/issue/pages),rewritten in house style from the OpenAlex record,curator_c,2026-10-05
class,LAN-PHA,D,corrected,Crossref,10.1073/pnas.95.5.2636,9482939,citation(volume/issue/pages),rewritten in house style from the Crossref record,curator_c,2026-10-05
class,LAN-PN,D,corrected,OpenAlex,10.1212/wnl.57.11.2045,11739824,doi;year;citation(authors/year/journal/volume/issue/pages),rewritten in house style from the OpenAlex record,curator_c,2026-10-05
class,LAN-PRIME,D,confirmed,Crossref,10.1037/h0031564,5134329,,"title, first author, year, venue, volume/issue/pages agree with the record",curator_c,2026-10-05
class,LAN-READ,D,corrected,OpenAlex,10.1037/a0023885,,citation(pages),rewritten in house style from the OpenAlex record,curator_c,2026-10-05
class,LAN-SC,D,corrected,Crossref,10.1016/0010-0285(82)90008-1,,citation(volume/issue/pages),rewritten in house style from the Crossref record,curator_c,2026-10-05
class,LAN-SEMD,D,corrected,OpenAlex,10.1001/archneur.1995.00540300067015,7763208,doi;year;citation(authors/year/journal/volume/issue/pages),rewritten in house style from the OpenAlex record,curator_c,2026-10-05
class,LAN-SIS,D,corrected,OpenAlex,10.1002/(sici)1097-0193(200004)9:4<183::aid-hbm1>3.0.co;2-z,10770228,doi;year;citation(authors/year/volume/issue/pages),rewritten in house style from the OpenAlex record,curator_c,2026-10-05
class,LAN-SL,D,corrected,OpenAlex,10.1126/science.274.5294.1926,8943209,doi;year;citation(authors/year/journal/volume/issue/pages),rewritten in house style from the OpenAlex record,curator_c,2026-10-05
class,LAN-SWITCH,D,tbd_resolved,OpenAlex,10.1006/jmla.1998.2602,,citation;doi;year,candidate origin found by bibliographic search; content unverified. from LAN-SWITCH-001,curator_c,2026-10-05
class,LAN-VF,D,not_found,Crossref,,,,"test manual (Benton, Hamsher & Sivan, Multilingual Aphasia Examination, AJA Associates) has no Crossref record; search returned only secondary papers (Schum, Sivan & Benton 1989; Hamsher 1998)",curator_c,2026-10-05
class,LAN-VG,D,corrected,Crossref,10.1038/331585a0,3277066,citation(volume/issue/pages),rewritten in house style from the Crossref record,curator_c,2026-10-05
class,LAN-VWFA,D,corrected,OpenAlex,10.1093/brain/awf094,11960895,doi;year;citation(authors/year/journal/volume/issue/pages),rewritten in house style from the OpenAlex record,curator_c,2026-10-05
class,MEM-CD,D,corrected,Crossref,10.1038/36846,9384378,citation(pages),rewritten in house style from the Crossref record,curator_c,2026-10-05
class,MEM-CFMT,D,confirmed,Crossref,10.1016/j.neuropsychologia.2005.07.001,16169565,,"title, first author, year, venue, volume/issue/pages agree with the record",curator_c,2026-10-05
class,MEM-CIT,D,corrected,Crossref,10.1111/j.1469-8986.1991.tb01990.x,,citation(pages),rewritten in house style from the Crossref record,curator_c,2026-10-05
class,MEM-DF,D,corrected,Crossref,10.1016/s0022-5371(70)80059-7,,citation(pages),rewritten in house style from the Crossref record,curator_c,2026-10-05
class,MEM-DMS,D,corrected,Crossref,10.1126/science.173.3997.652,4998337,citation(pages),rewritten in house style from the Crossref record,curator_c,2026-10-05
class,MEM-DRM,D,corrected,OpenAlex,10.1037/h0046671,13664879,citation(pages),rewritten in house style from the OpenAlex record,curator_c,2026-10-05
class,MEM-DS,D,corrected,Crossref,10.1093/mind/os-12.45.75,,doi;citation(pages),rewritten in house style from the Crossref record,curator_c,2026-10-05
class,MEM-EFT,D,corrected,Crossref,10.1016/j.neuropsychologia.2006.10.016,,citation(volume/issue/pages),rewritten in house style from the Crossref record,curator_c,2026-10-05
class,MEM-FR,D,corrected,Crossref,10.1037/h0045106,,doi;citation(pages),rewritten in house style from the Crossref record,curator_c,2026-10-05
class,MEM-META,D,confirmed,Crossref,10.1037/h0022263,5825050,,"title, first author, year, venue, volume/issue/pages agree with the record",curator_c,2026-10-05
class,MEM-MST,D,confirmed,Crossref,10.1101/lm.663507,17848502,,"title, first author, year, venue, volume/issue/pages agree with the record",curator_c,2026-10-05
class,MEM-NAV,D,corrected,OpenAlex,10.1126/science.280.5365.921,9572740,citation(pages),rewritten in house style from the OpenAlex record,curator_c,2026-10-05
class,MEM-NBK,D,corrected,Crossref,10.1037/h0043688,13539317,citation(pages),rewritten in house style from the Crossref record,curator_c,2026-10-05
class,MEM-ON,D,corrected,Crossref,10.1037/0033-295x.87.3.252,,citation(pages),rewritten in house style from the Crossref record,curator_c,2026-10-05
class,MEM-PA,D,tbd_open,Crossref;OpenAlex,,,,see MEM-PA-001,curator_c,2026-10-05
class,MEM-PM,D,corrected,Crossref,10.1037/0278-7393.16.4.717,,citation(volume/issue/pages),rewritten in house style from the Crossref record,curator_c,2026-10-05
class,MEM-RC,D,corrected,Crossref,10.1162/089892903322598139,,doi;citation(pages),rewritten in house style from the Crossref record,curator_c,2026-10-05
class,MEM-RIF,D,corrected,Crossref,10.1037/0278-7393.20.5.1063,,doi;citation(pages),rewritten in house style from the Crossref record,curator_c,2026-10-05
class,MEM-RMEM,D,tbd_resolved,OpenAlex,10.1016/j.neuron.2006.03.036,,citation;doi;year,candidate origin found by bibliographic search; content unverified. from MEM-RMEM-001,curator_c,2026-10-05
class,MEM-RPRIM,D,tbd_resolved,Crossref,10.1037/0096-1523.3.1.1,,citation;doi;year,candidate origin found by bibliographic search; content unverified. from MEM-RPRIM-001,curator_c,2026-10-05
class,MEM-RPT,D,tbd_resolved,OpenAlex,10.1016/0010-0285(78)90008-7,,citation;doi;year,candidate origin found by bibliographic search; content unverified. from MEM-RPT-001,curator_c,2026-10-05
class,MEM-SB,D,corrected,Crossref,10.1126/science.153.3736.652,5939936,citation(pages),rewritten in house style from the Crossref record,curator_c,2026-10-05
class,MEM-SME,D,corrected,OpenAlex,10.1016/0013-4694(87)90124-6,,doi;citation(issue/pages),title corrected (… incidental learning paradigm); rewritten in house style from the OpenAlex record,curator_c,2026-10-05
class,MEM-SRC,D,confirmed,OpenAlex,10.1037/0033-2909.114.1.3,8346328,,"title, first author, year, venue, volume/issue/pages agree with the record; OpenAlex author display name ""Michael K. Johnson"" is a disambiguation artefact; initials M. K. agree",curator_c,2026-10-05
class,MEM-SRE,D,corrected,Crossref,10.1037/0022-3514.35.9.677,,citation(volume/issue/pages),rewritten in house style from the Crossref record,curator_c,2026-10-05
class,MEM-SWM,D,corrected,Crossref,10.1093/oxfordjournals.bmb.a070866,4937273,citation(pages),rewritten in house style from the Crossref record,curator_c,2026-10-05
class,MEM-TMR,D,corrected,OpenAlex,10.1126/science.1138581,17347444,doi;citation(authors/volume/issue/pages),rewritten in house style from the OpenAlex record,curator_c,2026-10-05
class,MEM-TNT,D,corrected,Crossref,10.1038/35066572,11268212,citation(issue/pages),rewritten in house style from the Crossref record,curator_c,2026-10-05
