proposed_id,family,name_zh,name_en,aliases,likely_markers,recording_modality,bci_relevance,priority,lead_titles,lead_urls,lead_dois,found_via,note
ERR-CHGPT-001,error,预测推断（变点）任务,Predictive inference (change-point) task,Helicopter task; Cannon task; Change-point task; Predictive inference task,MK.P3b,EEG,基础,P3,"Nassar MR, Wilson RC, Heasly B, Gold JI. An Approximately Bayesian Delta-Rule Model Explains the Dynamics of Belief Updating in a Changing Environment. The Journal of Neuroscience. 2010. | Nassar MR, Bruckner R, Frank MJ. Statistical context dictates the relationship between feedback-related EEG signals and learning. eLife 8:e46975. 2019.",https://pmc.ncbi.nlm.nih.gov/articles/PMC2945906 | https://ski.clps.brown.edu/papers/NassarP3_eLife.pdf,10.1523/JNEUROSCI.0822-10.2010 | 10.7554/eLife.46975,"web_search;web_fetch (2026-10-03, curator_c)",收录（策展人提议）
ERR-PRT-001,error,概率奖赏任务（信号检测）,Probabilistic reward task,PRT; Pizzagalli reward task; Signal-detection reward task,MK.FRN,EEG; fMRI,基础,P3,"Pizzagalli DA, Jahn AL, O'Shea JP. Toward an objective characterization of an anhedonic phenotype: a signal-detection approach. Biological Psychiatry 57(3):319-327. 2005. | Santesso DL, Dillon DG, Birk JL, Holmes AJ, Goetz E, Bogdan R, Pizzagalli DA. Individual differences in reinforcement learning: Behavioral, electrophysiological, and neuroimaging correlates. NeuroImage 42(2):807-816. 2008.",https://depressioninstitute.uci.edu/wp-content/uploads/sites/37/santesso_ni08.pdf | https://depressioninstitute.uci.edu/wp-content/uploads/sites/37/santesso_ni08.pdf,10.1016/j.neuroimage.2008.05.032,"web_search;web_fetch (2026-10-03, curator_c)",收录（策展人提议）
ERR-OGNG-001,error,正交化 Go/NoGo 学习任务,Orthogonalized Go/NoGo learning task,Go/NoGo learning task; Pavlovian bias task; Go-to-win / NoGo-to-avoid task,MK.frontal_midline_theta,EEG,基础,P3,"Go and no-go learning in reward and punishment: Interactions between affect and effect. | Cavanagh JF, Eisenberg I, Guitart-Masip M, Huys Q, Frank MJ. Frontal theta overrides Pavlovian learning biases. The Journal of Neuroscience 33(19):8541-8548. 2013.",https://www.ncbi.nlm.nih.gov/pmc/articles/PMC3387384/ | https://ski.clps.brown.edu/papers/CavanaghPVLV_JN.pdf,10.1523/JNEUROSCI.5754-12.2013,"web_search;web_fetch (2026-10-03, curator_c)",收录（策展人提议）
ERR-APC-001,error,食欲性巴甫洛夫条件化（时间差分预测误差）,Appetitive Pavlovian conditioning (reward prediction error),Appetitive classical conditioning; Reward conditioning; TD prediction-error paradigm,MK.BOLD_striatum_reward,fMRI,基础,P3,Temporal difference models and reward-related learning in the human brain. Neuron. 2003.,https://www.qxmd.com/r/12718865,,"web_search;web_fetch (2026-10-03, curator_c)",收录（策展人提议）
ERR-VRPE-001,error,虚拟现实视觉–触觉失配（预测误差负波）,Visuo-haptic mismatch in virtual reality,Prediction error negativity paradigm; PEN paradigm; VR haptic mismatch task,MK.ErrP,EEG,核心,P2,"Gehrke L, Akman S, Lopes P, Chen A, Singh AK, Chen H-T, Lin CT, Gramann K. Detecting visuo-haptic mismatches in virtual reality using the prediction error negativity of event-related brain potentials. CHI Conference on Human Factors in Computing Systems Proceedings, pp. 427-437. 2019. | Gehrke L, Terfurth L, Akman S, Gramann K. Visuo-haptic prediction errors: a multimodal dataset (EEG, motion) in BIDS format indexing mismatches in haptic interaction. Frontiers in Neuroergonomics 5:1411305. 2024.",https://lab.plopes.org/published/2019-CHI-EEG.pdf | https://frontiersin.org/articles/10.3389/fnrgo.2024.1411305/full,10.1145/3290605.3300657 | 10.3389/fnrgo.2024.1411305,"web_search;web_fetch (2026-10-03, curator_c)",收录（策展人提议）
ERR-AAF-001,error,音高偏移听觉反馈（言语运动误差）,Pitch-shifted auditory feedback during vocalization,Altered auditory feedback; AAF; Pitch-shift paradigm; Pitch perturbation,MK.N1_auditory; MK.P2_auditory,EEG,基础,P3,"Behroozmand R, Sangtian S, Korzyukov O, Larson CR. A temporal predictive code for voice motor control: Evidence from ERP and behavioral responses to pitch-shifted auditory feedback. Brain Research. 2016.",https://neuinfo.org/literature/pmid:26835556?rpKey=on,,"web_search;web_fetch (2026-10-03, curator_c)",收录（策展人提议）；origin source not identified (first_source TBD); only lead is a 2016 study
CTL-MSIT-001,control,多源干扰任务,Multi-source interference task (MSIT),MSIT; Multi-Source Interference Task,MK.BOLD_dACC,fMRI,基础,P2,The Multi-Source Interference Task: validation study with fMRI in individual subjects. Molecular Psychiatry 8(1):60-70. 2003.,https://www.nmr.mgh.harvard.edu/node/468,10.1038/sj.mp.4001217,"web_search;web_fetch (2026-10-03, curator_c)",收录（策展人提议）
CTL-MRP-001,control,掩蔽反应启动,Masked response priming,Masked priming; Negative compatibility effect paradigm; Subliminal response priming,MK.LRP,EEG,基础,P3,"Eimer M, Schlaghecken F. Effects of masked stimuli on motor activation: behavioral and electrophysiological evidence. Journal of Experimental Psychology: Human Perception and Performance 24(6):1737-1747. 1998.",https://wrap.warwick.ac.uk/66051/,,"web_search;web_fetch (2026-10-03, curator_c)",收录（策展人提议）
CTL-CONF-001,control,决策信心判断（知觉元认知）,Decision confidence judgement (perceptual metacognition),Confidence rating task; Perceptual metacognition task; Post-decision confidence,MK.Pe,EEG,相关,P2,"Boldt A, Yeung N. Shared neural markers of decision confidence and error detection. Journal of Neuroscience 35:3478-3484. 2015.",https://www.psy.ox.ac.uk/people/nicholas-yeung/publication_modal/508513,10.1523/JNEUROSCI.0797-14.2015,"web_search;web_fetch (2026-10-03, curator_c)",收录（策展人提议）
CTL-MIXG-001,control,混合赌局（损失厌恶）,Mixed gambles (loss aversion) task,Mixed-gambles task; Loss aversion task; Accept/reject gamble task,MK.BOLD_striatum_reward; MK.BOLD_vmPFC_value,fMRI,基础,P3,"Tom SM, Fox CR, Trepel C, Poldrack RA. The Neural Basis of Loss Aversion in Decision-Making Under Risk. Science. 2007.",https://www.citedrive.com/en/discovery/the-neural-basis-of-loss-aversion-in-decision-making-under-risk/,10.1126/science.1134239,"web_search;web_fetch (2026-10-03, curator_c)",收录（策展人提议）
CTL-FORAGE-001,control,觅食决策（留守/探索）,Foraging decision task,Patch foraging task; Engage-or-search task; Foraging task,MK.BOLD_dACC,fMRI,基础,P3,"Kolling N, Behrens TEJ, Mars RB, Rushworth MFS. Neural mechanisms of foraging. Science 336:95-98. 2012.",https://www.psy.ox.ac.uk/people/matthew-rushworth/publication_modal/322703,10.1126/science.1216930,"web_search;web_fetch (2026-10-03, curator_c)",收录（策展人提议）
CTL-VBC-001,control,基于价值的选择（支付意愿）,Value-based choice (willingness to pay),Willingness-to-pay task; Food choice task; Becker-DeGroot-Marschak auction,MK.BOLD_vmPFC_value,fMRI,基础,P3,"Plassmann H, O'Doherty J, Rangel A. Orbitofrontal Cortex Encodes Willingness to Pay in Everyday Economic Transactions. Journal of Neuroscience 27(37):9984-9988. 2007.",https://authors.library.caltech.edu/records/x2xfk-88n48,10.1523/JNEUROSCI.2131-07.2007,"web_search;web_fetch (2026-10-03, curator_c)",收录（策展人提议）
CTL-RNG-001,control,随机数生成,Random number generation,RNG; Random generation task; Random letter generation,MK.BOLD_dlPFC,PET,基础,P3,"Jahanshahi M, Dirnberger G, Fuller R, Frith CD. The role of the dorsolateral prefrontal cortex in random number generation: A study with positron emission tomography. NeuroImage 12:713-725. 2000. | Jahanshahi M, Profice P, Brown RG, Ridding MC, Dirnberger G, Rothwell JC. The effects of transcranial magnetic stimulation over the dorsolateral prefrontal cortex on suppression of habitual counting during random number generation. Brain 121:1533-1544. 1998.",https://www.ucl.ac.uk/ion/departments/sobell/Research/MJahanshahi/Projects/ResponseSelection | https://www.ucl.ac.uk/ion/departments/sobell/Research/MJahanshahi/Projects/ResponseSelection,,"web_search;web_fetch (2026-10-03, curator_c)","收录（策展人提议）；marker/modality mismatch: lead is PET/TMS, MK.BOLD_dlPFC registered as fMRI only - maintainer decision needed"
CTL-ANAL-001,control,类比推理,Analogical reasoning,Verbal analogy task; A:B::C:D analogy task; Semantic analogy task,MK.BOLD_frontopolar,fMRI,基础,P3,"Bunge SA, Wendelken C, Badre D, Wagner AD. Analogical reasoning and prefrontal cortex: evidence for separable retrieval and integration mechanisms. Cerebral Cortex. 2005.",https://neurosynth.org/studies/15238433,,"web_search;web_fetch (2026-10-03, curator_c)",收录（策展人提议）
CTL-AUT-001,control,替代用途任务（发散思维）,Alternative uses task (divergent thinking),AUT; Alternate uses task; Unusual uses test; Divergent thinking task,MK.alpha_posterior,EEG; fMRI,基础,P3,"Fink A, Grabner RH, Benedek M, Reishofer G, Hauswirth V, Fally M, et al. The creative brain: Investigation of brain activity during creative problem solving by means of EEG and fMRI. Human Brain Mapping 30:734-748. 2009. | Fink A, Weiss EM, Schwarzl U, Weber H, Loureiro de Assunção V, Rominger C, Schulter G, Lackner HK, Papousek I. Creative ways to well-being: Reappraisal inventiveness in the context of anger-evoking situations. Cognitive, Affective, & Behavioral Neuroscience 17(1):94-105. 2017.",https://link.springer.com/article/10.3758/s13415-016-0465-9 | https://link.springer.com/article/10.3758/s13415-016-0465-9,10.3758/s13415-016-0465-9,"web_search;web_fetch (2026-10-03, curator_c)",收录（策展人提议）
CTL-AMBIG-001,control,风险与模糊决策,Decision under risk versus ambiguity,Ellsberg paradigm; Ambiguity aversion task; Risk and ambiguity task,MK.BOLD_amygdala; MK.BOLD_striatum_reward,fMRI,基础,P3,"Hsu M, Bhatt M, Adolphs R, Tranel D, Camerer CF. Neural Systems Responding to Degrees of Uncertainty In Human Decision Making. Science. 2005.",https://neuroecon.berkeley.edu/papers/papers_files/Hsu_Science_2005.html,,"web_search;web_fetch (2026-10-03, curator_c)",收录（策展人提议）
CTL-SYLL-001,control,三段论推理,Syllogistic (deductive) reasoning,Syllogism task; Deductive reasoning task; Belief-bias syllogisms,MK.BOLD_frontoparietal,fMRI,基础,P3,"Goel V, Buchel C, Frith C, Dolan RJ. Dissociation of mechanisms underlying syllogistic reasoning. NeuroImage 12:504-514. 2000. | Monti MM, Osherson DN, Martinez MJ, Parsons LM. Functional neuroanatomy of deductive inference: A language-independent distributed network. NeuroImage 37:1005-1016. 2007.",https://montilab.psych.ucla.edu/wp-content/uploads/sites/49/2015/11/Monti_etal_07_Deductive_Inference_NeuroImage_withAppendix.pdf | https://montilab.psych.ucla.edu/wp-content/uploads/sites/49/2015/11/Monti_etal_07_Deductive_Inference_NeuroImage_withAppendix.pdf,10.1016/j.neuroimage.2007.04.069,"web_search;web_fetch (2026-10-03, curator_c)",收录（策展人提议）
