proposed_id,status,first_source_ref,n_leads_used,blockers
ERR-ERRP-001,第一遍完成,R0403,3,
ERR-OBS-001,第一遍完成,R0279,2,
ERR-ADAPT-001,第一遍完成,R0194,3,
ERR-AWARE-001,第一遍完成,R0195,4,
ERR-BANDIT-001,第一遍完成,R0338,3,
ERR-GAM-001,第一遍完成,R0235,3,
ERR-PRL-001,第一遍完成,R0223,3,
ERR-PSEL-001,第一遍完成,R0272,3,
ERR-TE-001,第一遍完成,R0146,2,
ERR-CAUS-001,阻塞,R0066,3,no neural lead among leads supports MK.BOLD_dlPFC (D-023 criterion to check in pass 2)
ERR-INST-001,第一遍完成,search,4,
ERR-PCL-001,第一遍完成,R0118,3,
ERR-TS-001,第一遍完成,R0510,3,
CTL-ANT-001,第一遍完成,R0234,3,
CTL-AS-001,第一遍完成,R0045,2,
CTL-CNV-001,第一遍完成,R0010,2,
CTL-CPT-001,第一遍完成,R0003,3,
CTL-DD-001,第一遍完成,search,4,
CTL-DT-001,第一遍完成,search,3,
CTL-FLK-001,第一遍完成,R0030,4,
CTL-GNG-001,第一遍完成,R0019,4,
CTL-IGT-001,第一遍完成,R0116,4,
CTL-PDM-001,第一遍完成,R0102,3,
CTL-SART-001,第一遍完成,R0139,3,
CTL-SIM-001,第一遍完成,R0016,3,
CTL-SST-001,第一遍完成,R0067,4,
CTL-STR-001,第一遍完成,R0002,3,
CTL-SW-001,第一遍完成,R0121,3,
CTL-TOL-001,第一遍完成,R0057,3,
CTL-WCST-001,第一遍完成,search,3,
CTL-BART-001,第一遍完成,R0224,3,
CTL-EFF-001,第一遍完成,R0451,3,
CTL-RAT-001,第一遍完成,R0008,3,
CTL-RAVEN-001,第一遍完成,search,4,
CTL-WASON-001,阻塞,R0015,2,no neural lead among leads supports MK.BOLD_dlPFC (D-023 criterion to check in pass 2)
ERR-CHGPT-001,第一遍完成,search,2,
ERR-PRT-001,第一遍完成,search,2,
ERR-OGNG-001,第一遍完成,search,2,
ERR-APC-001,第一遍完成,search,1,
ERR-VRPE-001,第一遍完成,search,2,
ERR-AAF-001,阻塞,search,1,origin source not identified (first_source TBD); only lead is a 2016 study
CTL-MSIT-001,第一遍完成,search,1,
CTL-MRP-001,第一遍完成,search,1,
CTL-CONF-001,第一遍完成,search,1,
CTL-MIXG-001,第一遍完成,search,1,
CTL-FORAGE-001,第一遍完成,search,1,
CTL-VBC-001,第一遍完成,search,1,
CTL-RNG-001,阻塞,search,2,"marker/modality mismatch: lead is PET/TMS, MK.BOLD_dlPFC registered as fMRI only - maintainer decision needed"
CTL-ANAL-001,第一遍完成,search,1,
CTL-AUT-001,第一遍完成,search,2,
CTL-AMBIG-001,第一遍完成,search,1,
CTL-SYLL-001,第一遍完成,search,2,
CTL-DSST-001,提请暂缓,,0,暂缓 (D-023); no file created
CTL-TMT-001,提请暂缓,,0,暂缓 (D-023); no file created
