entity_type,entity_id,pkg,family,file,citation,doi,pmid,year,is_tbd
concrete,IMG-AUD-001,B,imagery,paradigms/imagery/IMG-AUD-001.yaml,"Zatorre, R. J., Halpern, A. R., Perry, D. W., Meyer, E., & Evans, A. C. Hearing in the mind's ear: A PET investigation of musical imagery and perception. Journal of Cognitive Neuroscience, 8(1), 29-46. 1996.",,,1996,no
concrete,IMG-AUD-002,B,imagery,paradigms/imagery/IMG-AUD-002.yaml,"Halpern AR, Zatorre RJ. When that tune runs through your head: a PET investigation of auditory imagery for familiar melodies. Cerebral Cortex 9(7):697-704. 1999.",,,1999,no
concrete,IMG-CMD-001,B,imagery,paradigms/imagery/IMG-CMD-001.yaml,Detecting awareness in the vegetative state.,,16959998,,no
concrete,IMG-CMD-002,B,imagery,paradigms/imagery/IMG-CMD-002.yaml,Bedside detection of awareness in the vegetative state: a cohort study. (title-only lead),,22078855,,no
concrete,IMG-CMD-003,B,imagery,paradigms/imagery/IMG-CMD-003.yaml,"Monti MM, Vanhaudenhuyse A, Coleman MR, et al. Willful modulation of brain activity in disorders of consciousness. New England Journal of Medicine 362(7):579-589. 2010.",,,2010,no
concrete,IMG-MA-001,B,imagery,paradigms/imagery/IMG-MA-001.yaml,A new mode of EEG based communication.,,,,no
concrete,IMG-MA-002,B,imagery,paradigms/imagery/IMG-MA-002.yaml,"Scherer R, Faller J, Friedrich EVC, et al. (title not displayed). PLoS ONE. 2015.",10.1371/journal.pone.0123727,,2015,no
concrete,IMG-OLF-001,B,imagery,paradigms/imagery/IMG-OLF-001.yaml,"Djordjevic J, et al. Functional neuroimaging of odor imagery. NeuroImage 24:791-801. 2005.",,,2005,no
concrete,IMG-ROT-001,B,imagery,paradigms/imagery/IMG-ROT-001.yaml,"Shepard, R. N., & Metzler, J. Mental rotation of three-dimensional objects. Science, 171(3972), 701-703. 1971.",10.1126/science.171.3972.701,5540314,1971,no
concrete,IMG-SAO-001,B,imagery,paradigms/imagery/IMG-SAO-001.yaml,"Yao L, Meng J, Zhang D, Sheng X, Zhu X. Selective sensation based brain-computer interface via mechanical vibrotactile stimulation. PLoS ONE 8(6):e64784. 2013.",10.1371/journal.pone.0064784,,2013,no
concrete,IMG-SAO-002,B,imagery,paradigms/imagery/IMG-SAO-002.yaml,A BCI system based on somatosensory attentional orientation. (title from search result; authors and year to be confirmed),,27244745,,no
concrete,IMG-SPI-001,B,imagery,paradigms/imagery/IMG-SPI-001.yaml,"DaSalla CS, Kambara H, Sato M, Koike Y. Single-trial classification of vowel speech imagery using common spatial patterns. Neural Networks 22(9):1334-1339. 2009.",,,2009,no
concrete,IMG-SPI-002,B,imagery,paradigms/imagery/IMG-SPI-002.yaml,"Nieto N, Peterson V, Rufiner HL, Kamienkoski J, Spies R. Thinking out loud, an open-access EEG-based BCI dataset for inner speech recognition. Scientific Data 9(1):52. 2022.",,,2022,no
concrete,IMG-SPI-003,B,imagery,paradigms/imagery/IMG-SPI-003.yaml,"Zhao S, Rudzicz F. 2015 (title not displayed; imagined speech EEG dataset with seven phonemes/syllables and four words, 12 subjects; secondary citation in Varshney & Khan 2022)",,,2015,no
concrete,IMG-TACT-001,B,imagery,paradigms/imagery/IMG-TACT-001.yaml,"Yakovlev L, Syrov N, Miroshnikov A, Lebedev M, Kaplan A. Event-related desynchronization induced by tactile imagery: an EEG study. eNeuro 10(6):ENEURO.0455-22.2023. 2023.",10.1523/ENEURO.0455-22.2023,,2023,no
concrete,IMG-VIS-001,B,imagery,paradigms/imagery/IMG-VIS-001.yaml,"Kosslyn, Stephen M.; Pascual-Leone, A.; Felician, O.; et al. The Role of Area 17 in Visual Imagery: Convergent Evidence from PET and RTMS. Science 284(5411): 167–170. 1999.",10.1126/science.284.5411.167,10102821,1999,no
concrete,IMG-VIS-002,B,imagery,paradigms/imagery/IMG-VIS-002.yaml,"O'Craven K, Kanwisher N. [title not yet confirmed: face/place imagery fMRI study] Journal of Cognitive Neuroscience. 2000.",,,2000,no
concrete,MOT-ATT-001,B,motor,paradigms/motor/MOT-ATT-001.yaml,Event-related beta EEG-changes during passive and attempted foot movements in paraplegic patients.,,17229403,,no
concrete,MOT-ATT-002,B,motor,paradigms/motor/MOT-ATT-002.yaml,Detecting awareness in the vegetative state: electroencephalographic evidence for attempted movements to command. (title-only lead),,23185489,,no
concrete,MOT-ATT-003,B,motor,paradigms/motor/MOT-ATT-003.yaml,"Ofner P, et al. Attempted arm and hand movements can be decoded from low-frequency EEG from persons with spinal cord injury. Scientific Reports 9(1):7134. 2019.",10.1038/s41598-019-43594-9,,2019,no
concrete,MOT-BIMAN-001,B,motor,paradigms/motor/MOT-BIMAN-001.yaml,"Kelso JA. Phase transitions and critical behavior in human bimanual coordination. American Journal of Physiology-Regulatory, Integrative and Comparative Physiology 246:R1000-R1004. 1984.",10.1152/ajpregu.1984.246.6.r1000,,1984,no
concrete,MOT-CURSOR-001,B,motor,paradigms/motor/MOT-CURSOR-001.yaml,"Wolpaw J, McFarland DJ, Neat GW, Forneris CA. An EEG-based brain-computer interface for cursor control. Electroencephalography and clinical neurophysiology 78:252-259. 1991.",10.1016/0013-4694(91)90040-B,1707798,1991,no
concrete,MOT-CURSOR-002,B,motor,paradigms/motor/MOT-CURSOR-002.yaml,"Wolpaw JR, McFarland DJ. Control of a two-dimensional movement signal by a noninvasive brain-computer interface in humans. Proceedings of the National Academy of Sciences of the USA 101:17849-17854. 2004.",10.1073/pnas.0403504101,15585584,2004,no
concrete,MOT-CURSOR-003,B,motor,paradigms/motor/MOT-CURSOR-003.yaml,High performance communication by people with paralysis using an intracortical brain-computer interface. (title-only lead),,28220753,,no
concrete,MOT-FORCE-001,B,motor,paradigms/motor/MOT-FORCE-001.yaml,Synchronization between motor cortex and spinal motoneuronal pool during the performance of a maintained motor task in man.,,8788955,,no
concrete,MOT-GRASP-001,B,motor,paradigms/motor/MOT-GRASP-001.yaml,Decoding natural grasp types from human ECoG.,,21763434,,no
concrete,MOT-GRASP-002,B,motor,paradigms/motor/MOT-GRASP-002.yaml,Give me a sign: decoding four complex hand gestures based on high-density ECoG. (title-only lead),,25273279,,no
concrete,MOT-GRASP-003,B,motor,paradigms/motor/MOT-GRASP-003.yaml,"Schwarz A, Escolano C, Montesano L, Müller-Putz GR. Analyzing and decoding natural reach-and-grasp actions using gel, water and dry EEG systems. Frontiers in Neuroscience 14:849. 2020.",10.3389/fnins.2020.00849,,2020,no
concrete,MOT-GRASP-004,B,motor,paradigms/motor/MOT-GRASP-004.yaml,"Multi-channel EEG recordings during 3,936 grasp and lift trials with varying weight and friction. Scientific Data (dataset descriptor; authors and year to be confirmed)",,,,no
concrete,MOT-HW-001,B,motor,paradigms/motor/MOT-HW-001.yaml,High-performance brain-to-text communication via handwriting (bioRxiv preprint).,10.1101/2020.07.01.183384,,,no
concrete,MOT-HW-002,B,motor,paradigms/motor/MOT-HW-002.yaml,"Crell MR, Müller-Putz GR. Handwritten character classification from EEG through continuous kinematic decoding. Computers in Biology and Medicine 182:109132. 2024.",10.1016/j.compbiomed.2024.109132,,2024,no
concrete,MOT-IB-001,B,motor,paradigms/motor/MOT-IB-001.yaml,"Haggard, P., Clark, S., & Kalogeras, J. Voluntary action and conscious awareness. Nature Neuroscience, 5(4), 382-385. 2002.",10.1038/nn827,11896397,2002,no
concrete,MOT-LIBET-001,B,motor,paradigms/motor/MOT-LIBET-001.yaml,"Libet B, Gleason CA, Wright EW, Pearl DK. Time of conscious intention to act in relation to onset of cerebral activity (readiness-potential): the unconscious initiation of a freely voluntary act. Brain 106(3):623-642. 1983.",10.1093/brain/106.3.623,6640273,1983,no
concrete,MOT-ME-001,B,motor,paradigms/motor/MOT-ME-001.yaml,Event-related variations in the activity of EEG-rhythms. Application to the physiology and the pathology of movements.,,11781201,,no
concrete,MOT-ME-002,B,motor,paradigms/motor/MOT-ME-002.yaml,Classification of multichannel ECoG related to individual finger movements with redundant spatial projections. (title-only lead),,22255564,,no
concrete,MOT-ME-003,B,motor,paradigms/motor/MOT-ME-003.yaml,TBD: origin of the EEG walking protocol not identified; only the topical overview R0955 is available,,,,yes
concrete,MOT-ME-004,B,motor,paradigms/motor/MOT-ME-004.yaml,"Jancke L, Loose R, Lutz K, Specht K, Shah NJ. Cortical activations during paced finger-tapping applying visual and auditory pacing stimuli. Cognitive Brain Research 10(1-2):51-66. 2000.",10.1016/s0926-6410(00)00022-7,10978692,2000,no
concrete,MOT-ME-005,B,motor,paradigms/motor/MOT-ME-005.yaml,"Ofner P, Schwarz A, Pereira J, Müller-Putz GR. Upper limb movements can be decoded from the time-domain of low-frequency EEG. PLoS ONE 12(8):e0182578. 2017.",10.1371/journal.pone.0182578,,2017,no
concrete,MOT-MI-001,B,motor,paradigms/motor/MOT-MI-001.yaml,"Pfurtscheller G, Neuper C. Motor imagery activates primary sensorimotor area in humans. Neurosci Lett. 1997;239(2-3):65-68.",10.1016/S0304-3940(97)00889-6,,1997,no
concrete,MOT-MI-002,B,motor,paradigms/motor/MOT-MI-002.yaml,"Pfurtscheller G, Brunner C, Schlögl A, Lopes da Silva FH. Mu rhythm (de)synchronization and EEG single-trial classification of different motor imagery tasks. NeuroImage 31:153-159. 2006.",10.1016/j.neuroimage.2005.12.003,,2006,no
concrete,MOT-MI-003,B,motor,paradigms/motor/MOT-MI-003.yaml,"Ofner P, Schwarz A, Pereira J, Müller-Putz GR. Upper limb movements can be decoded from the time-domain of low-frequency EEG. PLoS ONE 12(8):e0182578. 2017.",10.1371/journal.pone.0182578,,2017,no
concrete,MOT-MI-004,B,motor,paradigms/motor/MOT-MI-004.yaml,"Could the beta rebound in the EEG be suitable to realize a ""brain switch""? (title-only lead)",,19028138,,no
concrete,MOT-MI-005,B,motor,paradigms/motor/MOT-MI-005.yaml,"TBD: earliest publication of the two-class Graz MI protocol with continuous online feedback not identified; dataset reference for BCI Competition IV 2b is Leeb R, Brunner C, Müller-Putz GR, Schlögl A, Pfurtscheller G, et al., IEEE TNSRE 2007, doi 10.1109/TNSRE.2007.906956 (title not displayed)",,,,yes
concrete,MOT-MI-006,B,motor,paradigms/motor/MOT-MI-006.yaml,"TBD: origin of the right-hand vs feet cue-based configuration not identified; public dataset BNCI2003_004 (MOABB) seen, publication not displayed",,,,yes
concrete,MOT-MI-007,B,motor,paradigms/motor/MOT-MI-007.yaml,"Faller J, Vidaurre C, Solis-Escalante T, Neuper C, Scherer R. Autocalibration and recurrent adaptation: towards a plug and play online ERD-BCI. IEEE Transactions on Neural Systems and Rehabilitation Engineering 20(3):313-319. 2012.",10.1109/tnsre.2012.2189584,,2012,no
concrete,MOT-MI-008,B,motor,paradigms/motor/MOT-MI-008.yaml,"Zhou B, Wu X, Lv Z, Zhang L, Guo X. A fully automated trial selection method for optimization of motor imagery based brain-computer interface. PLoS ONE 11(9). 2016.",10.1371/journal.pone.0162657,,2016,no
concrete,MOT-MI-009,B,motor,paradigms/motor/MOT-MI-009.yaml,"TBD: earliest asynchronous two-class + idle MI protocol not identified; BCI Competition IV dataset 1 (Berlin BCI group) seen, publication not displayed",,,,yes
concrete,MOT-MI-010,B,motor,paradigms/motor/MOT-MI-010.yaml,"Schalk G, McFarland DJ, Hinterberger T, Birbaumer N, Wolpaw JR. BCI2000: a general-purpose brain-computer interface (BCI) system. IEEE Transactions on Biomedical Engineering 51(6):1034-1043. 2004.",10.1109/TBME.2004.827072,,2004,no
concrete,MOT-MI-011,B,motor,paradigms/motor/MOT-MI-011.yaml,"Jeong JH, Cho JH, Shim KH, Kwon BH, Lee BH, Lee DY, Lee DH, Lee SW. Multimodal signal dataset for 11 intuitive movement tasks from single upper extremity during multiple recording sessions. GigaScience 9(10). 2020.",10.1093/gigascience/giaa098,,2020,no
concrete,MOT-MIRR-001,B,motor,paradigms/motor/MOT-MIRR-001.yaml,"Gabrieli, J. D. E., Corkin, S., Mickel, S. F., & Growdon, J. H. Intact acquisition and long-term retention of mirror-tracing skill in Alzheimer's disease and in global amnesia. Behavioral Neuroscience, 107(6), 899–910. 1993.",10.1037/0735-7044.107.6.899,8136066,1993,no
concrete,MOT-MRCP-001,B,motor,paradigms/motor/MOT-MRCP-001.yaml,"Kornhuber, Hans H.; Deecke, Lüder. Hirnpotentialänderungen bei Willkürbewegungen und passiven Bewegungen des Menschen: Bereitschaftspotential und reafferente Potentiale. Pflügers Archiv für die gesamte Physiologie des Menschen und der Tiere. 1965.",10.1007/bf00412364,,1965,no
concrete,MOT-MRCP-002,B,motor,paradigms/motor/MOT-MRCP-002.yaml,"Jochumsen M, Navid MS, Nedergaard RW, Signal N, Rashid MU, Hassan A, Haavik H, Taylor D, Niazi IK. Self-paced online vs. cue-based offline brain-computer interfaces for inducing neural plasticity. Brain Sciences 9(6):127. 2019.",10.3390/brainsci9060127,,2019,no
concrete,MOT-MRCP-003,B,motor,paradigms/motor/MOT-MRCP-003.yaml,"Jochumsen M, Navid MS, Nedergaard RW, Signal N, Rashid MU, Hassan A, Haavik H, Taylor D, Niazi IK. Self-paced online vs. cue-based offline brain-computer interfaces for inducing neural plasticity. Brain Sciences 9(6):127. 2019.",10.3390/brainsci9060127,,2019,no
concrete,MOT-MSL-001,B,motor,paradigms/motor/MOT-MSL-001.yaml,"Karni, A., Meyer, G., Rey-Hipolito, C., et al. The acquisition of skilled motor performance: Fast and slow experience-driven changes in primary motor cortex. Proceedings of the National Academy of Sciences, 95(3), 861-868. 1998.",10.1073/pnas.95.3.861,9448252,1998,no
concrete,MOT-MVF-001,B,motor,paradigms/motor/MOT-MVF-001.yaml,"Chang C-S, Lo Y-Y, Chen C-L, Lee H-M, Chiang W-C, Li P-C. Alternative motor task-based pattern training with a digital mirror therapy system enhances sensorimotor signal rhythms post-stroke. Frontiers in Neurology 10:1227. 2019.",10.3389/fneur.2019.01227,,2019,no
concrete,MOT-OBS-001,B,motor,paradigms/motor/MOT-OBS-001.yaml,Motor facilitation during action observation: a magnetic stimulation study.,,7666169,,no
concrete,MOT-PASS-001,B,motor,paradigms/motor/MOT-PASS-001.yaml,"Bourguignon M, Piitulainen H, De Tiege X, Jousmaki V, Hari R. Corticokinematic coherence mainly reflects movement-induced proprioceptive feedback. NeuroImage 106:382-390. 2015.",10.1016/j.neuroimage.2014.11.026,,2015,no
concrete,MOT-PERT-001,B,motor,paradigms/motor/MOT-PERT-001.yaml,"Varghese JP, Marlin A, Beyer KB, Staines WR, Mochizuki G, McIlroy WE. Frequency characteristics of cortical activity associated with perturbations to upright stability. Neuroscience Letters 578:33-38. 2014.",10.1016/j.neulet.2014.06.017,,2014,no
concrete,MOT-PURS-001,B,motor,paradigms/motor/MOT-PURS-001.yaml,"Petit L, Haxby JV. Functional anatomy of pursuit eye movements in humans as revealed by fMRI. Journal of Neurophysiology. 1999.",,10400972,1999,no
concrete,MOT-REACH-001,B,motor,paradigms/motor/MOT-REACH-001.yaml,On the relations between the direction of two-dimensional arm movements and cell discharge in primate motor cortex.,,7143039,,no
concrete,MOT-REACH-002,B,motor,paradigms/motor/MOT-REACH-002.yaml,TBD: dataset provider's publication (University of Freiburg / Tübingen) not displayed; BCI Competition IV dataset 3 seen,,,,yes
concrete,MOT-RT-001,B,motor,paradigms/motor/MOT-RT-001.yaml,"Gratton G, Coles MGH, Sirevaag EJ, Eriksen CW, Donchin E. Pre- and post-stimulus activation of response channels: a psychophysiological analysis. Journal of Experimental Psychology: Human Perception and Performance 14(3):331-344. 1988.",10.1037/0096-1523.14.3.331,,1988,no
concrete,MOT-SACC-001,B,motor,paradigms/motor/MOT-SACC-001.yaml,"Javal, É. Essai sur la physiologie de la lecture. Annales d'oculistique. 1878.",,,1878,no
concrete,MOT-SACC-002,B,motor,paradigms/motor/MOT-SACC-002.yaml,"Schluppeck D, Curtis CE, Glimcher PW, Heeger DJ. Sustained activity in topographic areas of human posterior parietal cortex during memory-guided saccades. Journal of Neuroscience 26(19):5098-5108. 2006.",,,2006,no
concrete,MOT-SMS-001,B,motor,paradigms/motor/MOT-SMS-001.yaml,"Mayville JM. Neural correlates of human sensorimotor coordination: EEG, MEG, and functional MRI. Florida Atlantic University (dissertation). 2000.",,,2000,no
concrete,MOT-SRT-001,B,motor,paradigms/motor/MOT-SRT-001.yaml,"Nissen, M. J., & Bullemer, P. Attentional requirements of learning: Evidence from performance measures. Cognitive Psychology. 1987.",10.1016/0010-0285(87)90002-8,,1987,no
concrete,MOT-TRACK-001,B,motor,paradigms/motor/MOT-TRACK-001.yaml,Decoding three-dimensional hand kinematics from electroencephalographic signals.,,19965033,,no
concrete,MOT-TRACK-002,B,motor,paradigms/motor/MOT-TRACK-002.yaml,Non-linear online low-frequency EEG decoding of arm movements during a pursuit tracking task. (title-only lead),,33018632,,no
concrete,STM-ADBS-001,B,stimulation,paradigms/stimulation/STM-ADBS-001.yaml,Controlling Parkinson's Disease With Adaptive Deep Brain Stimulation.,,,,no
concrete,STM-CCEP-001,B,stimulation,paradigms/stimulation/STM-CCEP-001.yaml,"Matsumoto R, Nair DR, LaPresto E, Najm I, Bingaman W, Shibasaki H, Lüders HO. Functional connectivity in the human language system: a cortico-cortical evoked potential study. Brain 127. 2004.",10.1093/brain/awh246,15269116,2004,no
concrete,STM-DBSEP-001,B,stimulation,paradigms/stimulation/STM-DBSEP-001.yaml,"Sinclair NC, McDermott HJ, Bulluss KJ, Fallon JB, Perera T, Xu SS, Brown P, Thevathasan W. Subthalamic nucleus deep brain stimulation evokes resonant neural activity. Annals of Neurology. 2018.",,,2018,no
concrete,STM-GVS-001,B,stimulation,paradigms/stimulation/STM-GVS-001.yaml,"Bense S, Stephan T, Yousry TA, Brandt T, Dieterich M. Multisensory cortical signal increases and decreases during vestibular galvanic stimulation (fMRI). Journal of Neurophysiology. 2001.",,11160520,2001,no
concrete,STM-PAS-001,B,stimulation,paradigms/stimulation/STM-PAS-001.yaml,"Stefan K, Kunesch E, Cohen LG, Benecke R, Classen J. Induction of plasticity in the human motor cortex by paired associative stimulation. Brain 123(Pt 3):572-584. 2000.",,,2000,no
concrete,STM-PBM-001,B,stimulation,paradigms/stimulation/STM-PBM-001.yaml,Transcranial photobiomodulation with 1064-nm laser modulates brain electroencephalogram rhythms. Neurophotonics 6(2):025013.,10.1117/1.NPh.6.2.025013,,,no
concrete,STM-PHTMS-001,B,stimulation,paradigms/stimulation/STM-PHTMS-001.yaml,"Zrenner C, Desideri D, Belardinelli P, Ziemann U. Real-time EEG-defined excitability states determine efficacy of TMS-induced plasticity in human motor cortex. Brain Stimulation 11(2):374-389. 2018.",10.1016/j.brs.2017.11.016,,2018,no
concrete,STM-SEP-001,B,stimulation,paradigms/stimulation/STM-SEP-001.yaml,"Dawson GD. Cerebral responses to electrical stimulation of peripheral nerve in man. Journal of Neurology, Neurosurgery and Psychiatry 10(3). 1947.",,,1947,no
concrete,STM-TACS-001,B,stimulation,paradigms/stimulation/STM-TACS-001.yaml,"Zaehle T, Rach S, Herrmann CS. Transcranial alternating current stimulation enhances individual alpha activity in human EEG. PLoS ONE 5(11):e13766. 2010.",,,2010,no
concrete,STM-TAVNS-001,B,stimulation,paradigms/stimulation/STM-TAVNS-001.yaml,"Ventura-Bort C, Wirkner J, Genheimer H, Wendt J, Hamm AO, Weymar M. Effects of transcutaneous vagus nerve stimulation (tVNS) on the P300 and alpha-amylase level: a pilot study. Frontiers in Human Neuroscience 12:202. 2018.",10.3389/fnhum.2018.00202,,2018,no
concrete,STM-TDCS-001,B,stimulation,paradigms/stimulation/STM-TDCS-001.yaml,"Nitsche MA, Paulus W. Excitability changes induced in the human motor cortex by weak transcranial direct current stimulation. The Journal of Physiology. 2000.",10.1111/j.1469-7793.2000.t01-1-00633.x,10990547,2000,no
concrete,STM-TEP-001,B,stimulation,paradigms/stimulation/STM-TEP-001.yaml,"Ilmoniemi R, Virtanen J, Ruohonen J, Karhu J, Aronen H, Näätänen R, Katila T. Neuronal responses to magnetic stimulation reveal cortical reactivity and connectivity. Neuroreport 8:3537-3540. 1997.",,,1997,no
concrete,STM-TI-001,B,stimulation,paradigms/stimulation/STM-TI-001.yaml,Non-invasive temporal interference electrical stimulation of the human hippocampus. Nature Neuroscience.,,,,no
concrete,STM-TMSFMRI-001,B,stimulation,paradigms/stimulation/STM-TMSFMRI-001.yaml,"Bohning DE, Shastri A, Nahas Z, Lorberbaum JP, Andersen SW, Dannels WR, Haxthausen EU, Vincent DJ, George MS. Echoplanar BOLD fMRI of brain activation induced by concurrent transcranial magnetic stimulation. Investigative Radiology 33(6):336-340. 1998.",10.1097/00004424-199806000-00004,9647445,1998,no
concrete,STM-TUS-001,B,stimulation,paradigms/stimulation/STM-TUS-001.yaml,"Legon W, Sato T, Opitz A, Mueller JK, Barbour A, Williams A, Tyler WJ. Transcranial focused ultrasound modulates the activity of primary somatosensory cortex in humans. Nature Neuroscience 17(2):322-329. 2014.",10.1038/nn.3620,24413698,2014,no
concrete,STM-VIB-001,B,stimulation,paradigms/stimulation/STM-VIB-001.yaml,"Naito E, Nakashima T, Kito T, Aramaki Y, Okada T, Sadato N. Human limb-specific and non-limb-specific brain representations during kinesthetic illusory movements of the upper and lower extremities. European Journal of Neuroscience 25:3476-3487. 2007.",10.1111/j.1460-9568.2007.05587.x,,2007,no
class,MOT-ATT,B,motor,paradigms/_classes.yaml,Event-related beta EEG-changes during passive and attempted foot movements in paraplegic patients.,,17229403,,no
class,MOT-BIMAN,B,motor,paradigms/_classes.yaml,"Kelso JA. Phase transitions and critical behavior in human bimanual coordination. American Journal of Physiology-Regulatory, Integrative and Comparative Physiology 246:R1000-R1004. 1984.",10.1152/ajpregu.1984.246.6.r1000,,1984,no
class,MOT-CURSOR,B,motor,paradigms/_classes.yaml,"Wolpaw J, McFarland DJ, Neat GW, Forneris CA. An EEG-based brain-computer interface for cursor control. Electroencephalography and clinical neurophysiology 78:252-259. 1991.",10.1016/0013-4694(91)90040-B,1707798,1991,no
class,MOT-FORCE,B,motor,paradigms/_classes.yaml,Synchronization between motor cortex and spinal motoneuronal pool during the performance of a maintained motor task in man.,,8788955,,no
class,MOT-GRASP,B,motor,paradigms/_classes.yaml,Decoding natural grasp types from human ECoG.,,21763434,,no
class,MOT-HW,B,motor,paradigms/_classes.yaml,High-performance brain-to-text communication via handwriting (bioRxiv preprint).,10.1101/2020.07.01.183384,,,no
class,MOT-IB,B,motor,paradigms/_classes.yaml,"Haggard, P., Clark, S., & Kalogeras, J. Voluntary action and conscious awareness. Nature Neuroscience, 5(4), 382-385. 2002.",10.1038/nn827,11896397,2002,no
class,MOT-LIBET,B,motor,paradigms/_classes.yaml,"Libet B, Gleason CA, Wright EW, Pearl DK. Time of conscious intention to act in relation to onset of cerebral activity (readiness-potential): the unconscious initiation of a freely voluntary act. Brain 106(3):623-642. 1983.",10.1093/brain/106.3.623,6640273,1983,no
class,MOT-ME,B,motor,paradigms/_classes.yaml,Event-related variations in the activity of EEG-rhythms. Application to the physiology and the pathology of movements.,,11781201,,no
class,MOT-MI,B,motor,paradigms/_classes.yaml,"Pfurtscheller G, Neuper C. Motor imagery activates primary sensorimotor area in humans. Neurosci Lett. 1997;239(2-3):65-68.",10.1016/S0304-3940(97)00889-6,,1997,no
class,MOT-MIRR,B,motor,paradigms/_classes.yaml,"Gabrieli, J. D. E., Corkin, S., Mickel, S. F., & Growdon, J. H. Intact acquisition and long-term retention of mirror-tracing skill in Alzheimer's disease and in global amnesia. Behavioral Neuroscience, 107(6), 899–910. 1993.",10.1037/0735-7044.107.6.899,8136066,1993,no
class,MOT-MRCP,B,motor,paradigms/_classes.yaml,"Kornhuber, Hans H.; Deecke, Lüder. Hirnpotentialänderungen bei Willkürbewegungen und passiven Bewegungen des Menschen: Bereitschaftspotential und reafferente Potentiale. Pflügers Archiv für die gesamte Physiologie des Menschen und der Tiere. 1965.",10.1007/bf00412364,,1965,no
class,MOT-MSL,B,motor,paradigms/_classes.yaml,"Karni, A., Meyer, G., Rey-Hipolito, C., et al. The acquisition of skilled motor performance: Fast and slow experience-driven changes in primary motor cortex. Proceedings of the National Academy of Sciences, 95(3), 861-868. 1998.",10.1073/pnas.95.3.861,9448252,1998,no
class,MOT-MVF,B,motor,paradigms/_classes.yaml,"Chang C-S, Lo Y-Y, Chen C-L, Lee H-M, Chiang W-C, Li P-C. Alternative motor task-based pattern training with a digital mirror therapy system enhances sensorimotor signal rhythms post-stroke. Frontiers in Neurology 10:1227. 2019.",10.3389/fneur.2019.01227,,2019,no
class,MOT-OBS,B,motor,paradigms/_classes.yaml,Motor facilitation during action observation: a magnetic stimulation study.,,7666169,,no
class,MOT-PASS,B,motor,paradigms/_classes.yaml,"Bourguignon M, Piitulainen H, De Tiege X, Jousmaki V, Hari R. Corticokinematic coherence mainly reflects movement-induced proprioceptive feedback. NeuroImage 106:382-390. 2015.",10.1016/j.neuroimage.2014.11.026,,2015,no
class,MOT-PERT,B,motor,paradigms/_classes.yaml,"Varghese JP, Marlin A, Beyer KB, Staines WR, Mochizuki G, McIlroy WE. Frequency characteristics of cortical activity associated with perturbations to upright stability. Neuroscience Letters 578:33-38. 2014.",10.1016/j.neulet.2014.06.017,,2014,no
class,MOT-PURS,B,motor,paradigms/_classes.yaml,"Petit L, Haxby JV. Functional anatomy of pursuit eye movements in humans as revealed by fMRI. Journal of Neurophysiology. 1999.",,10400972,1999,no
class,MOT-REACH,B,motor,paradigms/_classes.yaml,On the relations between the direction of two-dimensional arm movements and cell discharge in primate motor cortex.,,7143039,,no
class,MOT-RT,B,motor,paradigms/_classes.yaml,"Gratton G, Coles MGH, Sirevaag EJ, Eriksen CW, Donchin E. Pre- and post-stimulus activation of response channels: a psychophysiological analysis. Journal of Experimental Psychology: Human Perception and Performance 14(3):331-344. 1988.",10.1037/0096-1523.14.3.331,,1988,no
class,MOT-SACC,B,motor,paradigms/_classes.yaml,"Javal, É. Essai sur la physiologie de la lecture. Annales d'oculistique. 1878.",,,1878,no
class,MOT-SMS,B,motor,paradigms/_classes.yaml,"Mayville JM. Neural correlates of human sensorimotor coordination: EEG, MEG, and functional MRI. Florida Atlantic University (dissertation). 2000.",,,2000,no
class,MOT-SRT,B,motor,paradigms/_classes.yaml,"Nissen, M. J., & Bullemer, P. Attentional requirements of learning: Evidence from performance measures. Cognitive Psychology. 1987.",10.1016/0010-0285(87)90002-8,,1987,no
class,MOT-TRACK,B,motor,paradigms/_classes.yaml,Decoding three-dimensional hand kinematics from electroencephalographic signals.,,19965033,,no
class,IMG-AUD,B,imagery,paradigms/_classes.yaml,"Zatorre, R. J., Halpern, A. R., Perry, D. W., Meyer, E., & Evans, A. C. Hearing in the mind's ear: A PET investigation of musical imagery and perception. Journal of Cognitive Neuroscience, 8(1), 29-46. 1996.",,,1996,no
class,IMG-CMD,B,imagery,paradigms/_classes.yaml,Detecting awareness in the vegetative state.,,16959998,,no
class,IMG-MA,B,imagery,paradigms/_classes.yaml,A new mode of EEG based communication.,,,,no
class,IMG-OLF,B,imagery,paradigms/_classes.yaml,"Djordjevic J, et al. Functional neuroimaging of odor imagery. NeuroImage 24:791-801. 2005.",,,2005,no
class,IMG-ROT,B,imagery,paradigms/_classes.yaml,"Shepard, R. N., & Metzler, J. Mental rotation of three-dimensional objects. Science, 171(3972), 701-703. 1971.",10.1126/science.171.3972.701,5540314,1971,no
class,IMG-SAO,B,imagery,paradigms/_classes.yaml,"Yao L, Meng J, Zhang D, Sheng X, Zhu X. Selective sensation based brain-computer interface via mechanical vibrotactile stimulation. PLoS ONE 8(6):e64784. 2013.",10.1371/journal.pone.0064784,,2013,no
class,IMG-SPI,B,imagery,paradigms/_classes.yaml,"DaSalla CS, Kambara H, Sato M, Koike Y. Single-trial classification of vowel speech imagery using common spatial patterns. Neural Networks 22(9):1334-1339. 2009.",,,2009,no
class,IMG-TACT,B,imagery,paradigms/_classes.yaml,"Yakovlev L, Syrov N, Miroshnikov A, Lebedev M, Kaplan A. Event-related desynchronization induced by tactile imagery: an EEG study. eNeuro 10(6):ENEURO.0455-22.2023. 2023.",10.1523/ENEURO.0455-22.2023,,2023,no
class,IMG-VIS,B,imagery,paradigms/_classes.yaml,"Kosslyn, Stephen M.; Pascual-Leone, A.; Felician, O.; et al. The Role of Area 17 in Visual Imagery: Convergent Evidence from PET and RTMS. Science 284(5411): 167–170. 1999.",10.1126/science.284.5411.167,10102821,1999,no
class,STM-ADBS,B,stimulation,paradigms/_classes.yaml,Controlling Parkinson's Disease With Adaptive Deep Brain Stimulation.,,,,no
class,STM-CCEP,B,stimulation,paradigms/_classes.yaml,"Matsumoto R, Nair DR, LaPresto E, Najm I, Bingaman W, Shibasaki H, Lüders HO. Functional connectivity in the human language system: a cortico-cortical evoked potential study. Brain 127. 2004.",10.1093/brain/awh246,15269116,2004,no
class,STM-DBSEP,B,stimulation,paradigms/_classes.yaml,"Sinclair NC, McDermott HJ, Bulluss KJ, Fallon JB, Perera T, Xu SS, Brown P, Thevathasan W. Subthalamic nucleus deep brain stimulation evokes resonant neural activity. Annals of Neurology. 2018.",,,2018,no
class,STM-GVS,B,stimulation,paradigms/_classes.yaml,"Bense S, Stephan T, Yousry TA, Brandt T, Dieterich M. Multisensory cortical signal increases and decreases during vestibular galvanic stimulation (fMRI). Journal of Neurophysiology. 2001.",,11160520,2001,no
class,STM-PAS,B,stimulation,paradigms/_classes.yaml,"Stefan K, Kunesch E, Cohen LG, Benecke R, Classen J. Induction of plasticity in the human motor cortex by paired associative stimulation. Brain 123(Pt 3):572-584. 2000.",,,2000,no
class,STM-PBM,B,stimulation,paradigms/_classes.yaml,Transcranial photobiomodulation with 1064-nm laser modulates brain electroencephalogram rhythms. Neurophotonics 6(2):025013.,10.1117/1.NPh.6.2.025013,,,no
class,STM-PHTMS,B,stimulation,paradigms/_classes.yaml,"Zrenner C, Desideri D, Belardinelli P, Ziemann U. Real-time EEG-defined excitability states determine efficacy of TMS-induced plasticity in human motor cortex. Brain Stimulation 11(2):374-389. 2018.",10.1016/j.brs.2017.11.016,,2018,no
class,STM-SEP,B,stimulation,paradigms/_classes.yaml,"Dawson GD. Cerebral responses to electrical stimulation of peripheral nerve in man. Journal of Neurology, Neurosurgery and Psychiatry 10(3). 1947.",,,1947,no
class,STM-TACS,B,stimulation,paradigms/_classes.yaml,"Zaehle T, Rach S, Herrmann CS. Transcranial alternating current stimulation enhances individual alpha activity in human EEG. PLoS ONE 5(11):e13766. 2010.",,,2010,no
class,STM-TAVNS,B,stimulation,paradigms/_classes.yaml,"Ventura-Bort C, Wirkner J, Genheimer H, Wendt J, Hamm AO, Weymar M. Effects of transcutaneous vagus nerve stimulation (tVNS) on the P300 and alpha-amylase level: a pilot study. Frontiers in Human Neuroscience 12:202. 2018.",10.3389/fnhum.2018.00202,,2018,no
class,STM-TDCS,B,stimulation,paradigms/_classes.yaml,"Nitsche MA, Paulus W. Excitability changes induced in the human motor cortex by weak transcranial direct current stimulation. The Journal of Physiology. 2000.",10.1111/j.1469-7793.2000.t01-1-00633.x,10990547,2000,no
class,STM-TEP,B,stimulation,paradigms/_classes.yaml,"Ilmoniemi R, Virtanen J, Ruohonen J, Karhu J, Aronen H, Näätänen R, Katila T. Neuronal responses to magnetic stimulation reveal cortical reactivity and connectivity. Neuroreport 8:3537-3540. 1997.",,,1997,no
class,STM-TI,B,stimulation,paradigms/_classes.yaml,Non-invasive temporal interference electrical stimulation of the human hippocampus. Nature Neuroscience.,,,,no
class,STM-TMSFMRI,B,stimulation,paradigms/_classes.yaml,"Bohning DE, Shastri A, Nahas Z, Lorberbaum JP, Andersen SW, Dannels WR, Haxthausen EU, Vincent DJ, George MS. Echoplanar BOLD fMRI of brain activation induced by concurrent transcranial magnetic stimulation. Investigative Radiology 33(6):336-340. 1998.",10.1097/00004424-199806000-00004,9647445,1998,no
class,STM-TUS,B,stimulation,paradigms/_classes.yaml,"Legon W, Sato T, Opitz A, Mueller JK, Barbour A, Williams A, Tyler WJ. Transcranial focused ultrasound modulates the activity of primary somatosensory cortex in humans. Nature Neuroscience 17(2):322-329. 2014.",10.1038/nn.3620,24413698,2014,no
class,STM-VIB,B,stimulation,paradigms/_classes.yaml,"Naito E, Nakashima T, Kito T, Aramaki Y, Okada T, Sadato N. Human limb-specific and non-limb-specific brain representations during kinesthetic illusory movements of the upper and lower extremities. European Journal of Neuroscience 25:3476-3487. 2007.",10.1111/j.1460-9568.2007.05587.x,,2007,no
