candidate_id,pkg,family,proposed_id,class,n_concrete,name_zh,name_en,aliases,likely_markers,recording_modality,bci_relevance,priority,decision,decision_ref,n_refs,n_first_source,n_reviews,datasets,hed_task_page,todo,status,note
C006,A,perception,PER-AAD-001,PER-AAD,1,听觉选择性注意（鸡尾酒会）,Auditory selective attention (cocktail party),auditory attention decoding (AAD); cocktail party paradigm; competing-talker paradigm; dichotic listening,N1 注意效应; 语音包络跟踪,EEG; MEG; ECoG,核心,1,收录,D-026,4,2,2,IEEE DataPort auditory attention decoding datasets (keyword page),,,第一遍完成,听觉注意解码
C005,A,perception,PER-CVA-001,PER-CVA,2,隐蔽空间注意（α 偏侧化）,Covert spatial attention (alpha lateralization),Posner-type alpha paradigm; alpha lateralization; covert visuospatial attention,后部 α 偏侧化,EEG; MEG,核心,1,收录,D-026,2,1,1,,,,第一遍完成,
C003,A,perception,PER-MMN-001,PER-MMN,3,被动 oddball（失匹配负波）,Passive oddball (mismatch negativity),MMN; Mismatch Negativity Paradigm; multi-feature MMN (optimum paradigm); passive auditory oddball; roving oddball,MMN,EEG; MEG,相关,1,收录,D-026,8,1,4,HED mismatch negativity task description,https://www.hedtags.org/hed-task/tasks/hedtsk_mismatch_negativity.html,,第一遍完成,意识障碍评估常用
C007,A,perception,PER-MVEP-001,PER-MVEP,2,运动起始视觉诱发电位,Motion-onset VEP (mVEP),mVEP; motion VEP BCI; motion-onset VEP,N2 (mVEP),EEG,核心,1,收录,D-026,3,0,1,,,无源头文献（first_source = TBD）,阻塞,
C001,A,perception,PER-ODD-001,PER-ODD,9,Oddball 范式,Oddball paradigm,Auditory Oddball; P300 Task; P300 oddball; Visual Oddball; novelty oddball; three-stimulus oddball; two-stimulus oddball,P3b; P3a,EEG; MEG; fMRI,核心,1,收录,D-026,8,3,1,HED oddball task description (HED task library),https://www.hedtags.org/hed-task/tasks/hedtsk_oddball.html,,第一遍完成,视/听/体感 oddball、三刺激版作为变体并入
C002,A,perception,PER-RSVP-001,,,快速序列视觉呈现,Rapid serial visual presentation (RSVP),AB Task; Attentional Blink Task; Dual-Target RSVP; RSVP; RSVP Attentional Blink; RSVP Stream Task; RSVP Target Detection; RSVP Task; RSVP-BCI; cortically coupled computer vision (C3Vision),P3b; N2,EEG,核心,1,并入 PER-ODD-001,D-011,10,4,2,EEG Study data of Rapid Serial Visual Presentation (RSVP) in ESS format (NITRC),https://www.hedtags.org/hed-task/tasks/hedtsk_rapid_serial_visual_presentation.html,,并入,与 Oddball 是否独立需判例
C010,A,perception,PER-AB-001,PER-AB,1,注意瞬脱,Attentional blink,AB; attentional blink; dual-target RSVP,P3b,EEG,基础,2,收录,D-026,3,1,1,,,,第一遍完成,
C095,A,perception,PER-ABR-001,PER-ABR,1,听觉脑干反应,Auditory brainstem response (ABR),ABR; BAEP; BAER; brainstem auditory evoked potential,ABR 波 I-V,EEG,基础,2,收录,D-026,3,0,1,,,无源头文献（first_source = TBD）,阻塞,临床标准方案
C094,A,perception,PER-AEP-001,PER-AEP,1,听觉诱发电位（纯音/短声）,Auditory evoked potentials (N1-P2),N1-P2 complex; N1m; cortical auditory evoked potential (CAEP); long-latency AEP,N1; P2,EEG; MEG,基础,2,收录,D-026,2,0,2,,,无源头文献（first_source = TBD）,阻塞,
C099,A,perception,PER-BR-001,PER-BR,2,双眼竞争与双稳态知觉,Binocular rivalry / bistable perception,ambiguous figure (Necker cube) paradigm; binocular rivalry; bistable perception; perceptual rivalry,频率标记响应; BOLD,EEG; MEG; fMRI,基础,2,收录,D-026,2,0,2,,,无源头文献（first_source = TBD）,阻塞,
C102,A,perception,PER-CAT-001,PER-CAT,1,视觉物体类别识别,Visual object categorization,THINGS-EEG/MEG paradigm; image category RSA; object category decoding; visual object recognition paradigm,N1/N170; 类别可解码模式,EEG; MEG; fMRI; ECoG,核心,2,收录,D-026,5,1,0,,,,第一遍完成,视觉解码数据集多
C009,A,perception,PER-CUE-001,PER-CUE,2,Posner 空间线索,Posner spatial cueing,Posner Task; Posner cueing task; Spatial Cueing Task; endogenous/exogenous cueing; spatial cueing,P1/N1 注意调制,EEG,基础,2,收录,D-026,9,5,0,HED Posner spatial cueing task description,https://www.hedtags.org/hed-task/tasks/hedtsk_posner_spatial_cueing.html,,第一遍完成,
C012,A,perception,PER-FACE-001,PER-FACE,1,面孔知觉,Face perception,FFA Localizer; Face Localizer; N170 paradigm; face localizer; face perception paradigm; famous/unfamiliar/scrambled faces,N170,EEG; MEG; fMRI,基础,2,收录,D-026,9,5,1,"A multi-subject, multi-modal human neuroimaging dataset (Wakeman & Henson faces; ds000117); SPM multimodal faces dataset",https://www.hedtags.org/hed-task/tasks/hedtsk_face_processing.html,,第一遍完成,
C096,A,perception,PER-FVEP-001,PER-FVEP,1,闪光视觉诱发电位,Flash VEP,FVEP; flash VEP; flash visual evoked response,闪光 VEP,EEG,基础,2,收录,D-026,3,0,1,,,无源头文献（first_source = TBD）,阻塞,
C097,A,perception,PER-GATE-001,PER-GATE,1,配对短声感觉门控,Paired-click sensory gating,P50 suppression; conditioning-test paradigm; paired-click paradigm; sensory gating,P50 抑制,EEG; MEG,基础,2,收录,D-026,2,0,1,,,无源头文献（first_source = TBD）,阻塞,
C161,A,perception,PER-HBD-001,PER-HBD,2,心跳觉察（内感受）,Heartbeat detection,Cardiac Interoceptive Accuracy Task; Heartbeat Counting Task; Heartbeat Perception Task; Heartbeat Tracking Task; Schandry Task; Whitehead Heartbeat Discrimination Task,心跳诱发电位（HEP）,EEG; MEG,相关,2,收录,D-026,6,3,0,,https://www.hedtags.org/hed-task/tasks/hedtsk_heartbeat_detection.html,,第一遍完成,
C101,A,perception,PER-LEP-001,PER-LEP,1,激光诱发电位（痛觉）,Laser-evoked potentials (nociception),CO2/Nd:YAP laser stimulation; LEP; laser-evoked potentials; nociceptive evoked potentials,N2-P2 (LEP),EEG,相关,2,收录,D-026,3,1,2,,,,第一遍完成,
C004,A,perception,PER-LG-001,PER-LG,1,局部-全局范式,Local-global paradigm,global-local auditory paradigm; hierarchical oddball; local-global test,MMN; P3b,EEG; MEG,相关,2,收录,D-026,3,2,0,,,,第一遍完成,
C011,A,perception,PER-MASK-001,PER-MASK,1,掩蔽与阈限知觉,Masking / threshold perception,Backward Masking; Metacontrast Masking; Pattern Masking; backward masking; contrastive analysis of consciousness; near-threshold perception,VAN; P3b,EEG; MEG,基础,2,收录,D-026,17,6,2,,https://www.hedtags.org/hed-task/tasks/hedtsk_visual_masking.html,,第一遍完成,
C100,A,perception,PER-MSI-001,PER-MSI,2,视听多感觉整合,Audiovisual multisensory integration,AV vs A+V additive model; McGurk paradigm; audiovisual integration; multisensory integration; sound-induced flash illusion,早期 AV 交互 ERP,EEG; MEG; fMRI,基础,2,收录,D-026,6,1,0,,,,第一遍完成,
C103,A,perception,PER-NAT-001,PER-NAT,1,自然图像与影片观看,Naturalistic image / movie viewing,inter-subject correlation (ISC) paradigm; movie watching; natural scenes paradigm; naturalistic viewing,被试间相关; 编码模型,fMRI; EEG; MEG; ECoG,核心,2,收录,D-026,7,1,1,,,,第一遍完成,脑-图像重建数据集
C106,A,perception,PER-OLF-001,PER-OLF,1,嗅觉诱发电位,Olfactory event-related potentials,OERP; chemosensory evoked potentials (CSERP); olfactory event-related potentials,OERP (N1/P2/P3),EEG,基础,2,收录,D-026,1,0,0,,,无源头文献（first_source = TBD）；R0046 疑为动物研究，未采用,阻塞,
C098,A,perception,PER-OMIT-001,PER-OMIT,2,刺激遗漏范式,Stimulus omission paradigm,omission MMN; omitted stimulus potential (OSP); self-generated sound omission; stimulus omission paradigm,遗漏响应（OR）,EEG; MEG,基础,2,收录,D-026,3,0,1,,,无源头文献（first_source = TBD）,阻塞,
C013,A,perception,PER-PRVEP-001,PER-PRVEP,1,棋盘格翻转 VEP,Pattern-reversal VEP,P100; PR-VEP; checkerboard VEP; pattern reversal VEP,P100,EEG,基础,2,收录,D-026,3,0,1,,,无源头文献（first_source = TBD）,阻塞,临床标准方案
C104,A,perception,PER-RET-001,PER-RET,2,视网膜拓扑映射,Retinotopic mapping,phase-encoded retinotopy; population receptive field (pRF) mapping; retinotopic mapping; wedge-and-ring paradigm,视皮层 BOLD,fMRI,基础,2,收录,D-026,6,1,0,,,,第一遍完成,
C107,A,perception,PER-TACT-001,PER-TACT,1,触觉空间注意,Tactile spatial attention,tactile P300 BCI; tactile spatial attention; vibrotactile oddball,体感 N140; P300,EEG,核心,2,收录,D-012,0,0,0,,,无源头文献（first_source = TBD）；原无文献线索；D-012 触觉 P300 BCI 变体无线索未写,阻塞,触觉 BCI；与 Oddball 关系需判例
C105,A,perception,PER-TON-001,PER-TON,1,音调拓扑映射,Tonotopic mapping,frequency mapping of auditory cortex; tonotopic mapping; tonotopy,听皮层 BOLD,fMRI,基础,2,收录,D-026,6,0,1,,,,第一遍完成,
C008,A,perception,PER-VS-001,PER-VS,1,视觉搜索,Visual search,Conjunction Search; Feature Search; N2pc paradigm; singleton search; visual search task,N2pc,EEG; MEG,相关,2,收录,D-026,9,2,0,,https://www.hedtags.org/hed-task/tasks/hedtsk_visual_search.html,,第一遍完成,
C158,A,perception,PER-AMASK-001,PER-AMASK,1,听觉掩蔽,Auditory masking,Energetic Masking; Speech-in-Noise; Tone-in-Noise Detection,N1/MMN 掩蔽效应,EEG; MEG,基础,3,收录,D-026,2,1,0,,https://www.hedtags.org/hed-task/tasks/hedtsk_auditory_masking.html,无源头文献（first_source = TBD）,阻塞,
C159,A,perception,PER-BOI-001,PER-BOI,1,身体拥有错觉（橡胶手）,Body ownership illusion,Body Transfer Illusion; Enfacement Illusion; Full Body Illusion; Multisensory Body Illusion; RHI; Rubber Hand Illusion; Virtual Hand Illusion,前运动/顶叶 BOLD; 体感 ERP,fMRI; EEG,基础,3,收录,D-026,6,2,0,,https://www.hedtags.org/hed-task/tasks/hedtsk_body_ownership_illusion.html,,第一遍完成,
C160,A,perception,PER-CTXC-001,PER-CTXC,1,情境线索效应,Contextual cueing,CC Task,N2pc; 海马 BOLD,EEG; fMRI,基础,3,收录,D-026,7,3,1,,https://www.hedtags.org/hed-task/tasks/hedtsk_contextual_cueing.html,,第一遍完成,
C162,A,perception,PER-MOT-001,PER-MOT,1,多目标追踪,Multiple object tracking,MOT; Multiple Object Tracking; Pylyshyn Tracking,CDA; 顶叶 BOLD,EEG; fMRI,基础,3,收录,D-026,6,2,1,,https://www.hedtags.org/hed-task/tasks/hedtsk_multiple_object_tracking.html,,第一遍完成,
C163,A,perception,PER-NAVON-001,PER-NAVON,1,Navon 全局-局部,Navon global-local task,Global-Local Task; Navon Letters,N2; P3,EEG,基础,3,收录,D-026,9,2,2,,https://www.hedtags.org/hed-task/tasks/hedtsk_navon.html,,第一遍完成,
C164,A,perception,PER-UFOV-001,,,有效视野,Useful field of view,UFOV; Useful Field of View,待定,EEG,基础,3,暂缓,D-023,5,2,0,,https://www.hedtags.org/hed-task/tasks/hedtsk_useful_field_of_view.html,缺综述; 需确认神经标记物,暂缓,以行为测量为主，需确认是否满足纳入标准 3
C017,A,steady_state,SSR-ASSR-001,SSR-ASSR,2,听觉稳态响应,Auditory steady-state response (ASSR),40-Hz ASSR; AM-tone ASSR; ASSR; auditory steady-state evoked potential,ASSR,EEG; MEG,核心,1,收录,D-026,3,1,1,,,,第一遍完成,
C015,A,steady_state,SSR-CVEP-001,SSR-CVEP,3,编码调制视觉诱发电位,Code-modulated VEP (c-VEP),broadband VEP; c-VEP; code-modulated VEP; m-sequence VEP,c-VEP 响应,EEG,核心,1,收录,D-026,2,0,2,,,无源头文献（first_source = TBD）,阻塞,
C016,A,steady_state,SSR-SSMVEP-001,SSR-SSMVEP,1,稳态运动视觉诱发电位,Steady-state motion VEP (SSMVEP),SSMVEP; oscillating Newton's rings paradigm; steady-state motion VEP,SSMVEP,EEG,核心,1,收录,D-013,2,1,0,,,,第一遍完成,与 SSVEP 是否独立需判例
C018,A,steady_state,SSR-SSSEP-001,SSR-SSSEP,2,稳态体感诱发电位,Steady-state somatosensory evoked potential (SSSEP),SSSEP; steady-state somatosensory evoked potential; vibrotactile steady-state,SSSEP,EEG,核心,1,收录,D-026,2,0,1,,,无源头文献（first_source = TBD）,阻塞,
C014,A,steady_state,SSR-SSVEP-001,SSR-SSVEP,7,稳态视觉诱发电位,SSVEP,JFPM SSVEP speller; SSVEP; SSVEP-BCI; steady-state VEP,SSVEP,EEG; MEG,核心,1,收录,D-026,4,1,2,BETA SSVEP benchmark database; BETA: A Large Benchmark Database Toward SSVEP-BCI Application; Tsinghua 40-target SSVEP Benchmark (TorchEEG TSUBenckmarkDataset loader),,,第一遍完成,频率-相位联合编码作为变体并入
C108,A,steady_state,SSR-BEAT-001,SSR-BEAT,1,节律与节拍跟随,Beat / rhythm entrainment,beat entrainment; meter frequency tagging; neural entrainment to beat; rhythm entrainment,稳态诱发响应（节拍频率）,EEG; MEG,基础,2,收录,D-026,5,1,0,,,,第一遍完成,
C021,A,steady_state,SSR-FFR-001,SSR-FFR,2,频率跟随响应,Frequency-following response (FFR),FFR; complex ABR (cABR); envelope following response; speech-ABR,FFR,EEG,基础,2,收录,D-026,4,1,2,,,,第一遍完成,
C019,A,steady_state,SSR-FPVS-001,SSR-FPVS,1,快速周期视觉刺激（频率标记）,Fast periodic visual stimulation (FPVS),FPVS; FPVS-oddball; fast periodic oddball; frequency-tagging oddball,频率标记响应,EEG,基础,2,收录,D-026,2,0,0,,,无源头文献（first_source = TBD）,阻塞,
C109,A,steady_state,SSR-FT-001,,,多目标频率标记注意,Frequency-tagged attention,frequency tagging; frequency-tagged attention; multi-target SSVEP attention,频率标记响应,EEG; MEG,相关,2,并入 SSR-SSVEP-001,D-003,6,0,1,,,,并入,与 SSVEP 关系需判例
C020,A,steady_state,SSR-PD-001,,,闪光光驱动,Photic driving,intermittent photic stimulation (IPS); photic driving; photic following,光驱动响应,EEG,基础,2,并入 SSR-SSVEP-001,D-002,2,0,0,,,,并入,
C110,A,steady_state,SSR-SSVEPHF-001,,,高频/不可见 SSVEP,High-frequency / imperceptible SSVEP,flicker-free SSVEP; high-frequency SSVEP; imperceptible flicker SSVEP,SSVEP,EEG,核心,2,并入 SSR-SSVEP-001,D-004,0,0,0,,,,并入,可能作为 SSVEP 变体并入
C157,A,steady_state,SSR-SWEEP-001,SSR-SWEEP,1,扫描 VEP（视敏度评估）,Sweep VEP,,稳态 VEP,EEG,基础,2,收录,D-026,1,0,1,,,无源头文献（first_source = TBD）；例会候议：可能并入 SSR-SSVEP-001,阻塞,临床视敏度评估
C111,B,motor,MOT-ATT-001,MOT-ATT,3,尝试运动（瘫痪患者）,Attempted movement,attempted movement; intended movement; movement attempt,SMR ERD; 单元放电,EEG; ECoG; intracortical,核心,1,收录,D-026,4,1,1,,,,第一遍完成,
C112,B,motor,MOT-CURSOR-001,MOT-CURSOR,3,闭环光标控制,Closed-loop cursor control,closed-loop BCI control; cursor control; radial-8 cursor task,SMR; 单元放电,EEG; ECoG; intracortical,核心,1,收录,D-026,5,1,1,,,,第一遍完成,
C026,B,motor,MOT-GRASP-001,MOT-GRASP,4,抓握与手势,Grasping / hand gestures,grasp type decoding; hand gesture decoding; hand posture classification; reach-and-grasp,高 γ; 单元放电,ECoG; intracortical; EEG,核心,1,收录,D-026,3,2,1,"Multi-channel EEG recordings during 3,936 grasp and lift trials with varying weight and friction; WAY-EEG-GAL (grasp-and-lift EEG)",,,第一遍完成,
C027,B,motor,MOT-HW-001,MOT-HW,2,尝试手写,Attempted handwriting,brain-to-text handwriting; imagined handwriting; mental handwriting,单元放电,intracortical,核心,1,收录,D-026,3,2,0,Data from: High-performance brain-to-text communication via handwriting; Dryad: Data from High-performance brain-to-text communication via handwriting,,,第一遍完成,
C023,B,motor,MOT-ME-001,MOT-ME,5,运动执行,Motor execution,FTT; Finger Tapping; Tapping Task; executed movement; finger tapping localizer; overt movement,SMR ERD/ERS; 高 γ,EEG; ECoG; fMRI; fNIRS,核心,1,收录,D-026,9,4,3,PhysioNet EEG Motor Movement/Imagery Dataset (eegmmidb),https://www.hedtags.org/hed-task/tasks/hedtsk_finger_tapping.html,,第一遍完成,手指敲击定位任务作为变体并入
C022,B,motor,MOT-MI-001,MOT-MI,11,运动想象,Motor imagery,MI; kinesthetic motor imagery; movement imagery,SMR ERD/ERS,EEG; MEG; ECoG; fNIRS,核心,1,收录,D-026,5,1,2,"BCI Competition IV (datasets 1, 2a, 2b); BNCI Horizon 2020 database; PhysioNet EEG Motor Movement/Imagery Dataset (eegmmidb)",,,第一遍完成,动作观察+想象作为变体并入
C024,B,motor,MOT-MRCP-001,MOT-MRCP,3,自主运动准备（准备电位）,Self-paced movement (MRCP / readiness potential),BP; Bereitschaftspotential; MRCP; movement-related cortical potential; readiness potential,MRCP,EEG,核心,1,收录,D-026,5,2,2,,,,第一遍完成,
C025,B,motor,MOT-REACH-001,MOT-REACH,2,中心外伸伸够任务,Center-out reaching,8-target reaching; center-out task; centre-out reaching,单元方向调谐; 高 γ,intracortical; ECoG,核心,1,收录,D-026,5,1,2,"Neural Latents Benchmark '21: Evaluating latent variable models of neural population activity; Neural Latents Benchmark (MC_Maze etc., non-human primate reaching; DANDI)",,,第一遍完成,
C116,B,motor,MOT-BIMAN-001,MOT-BIMAN,1,双手协调,Bimanual coordination,bimanual coordination; in-phase/anti-phase tapping,SMR; 半球间相干,EEG; MEG; fMRI,基础,2,收录,D-026,5,1,0,,,no lead for EEG/MEG interhemispheric coherence or SMR evidence; origin behavioural,阻塞,
C117,B,motor,MOT-FING-001,,,单指运动解码,Individual finger movement,finger flexion decoding; individual finger movement decoding,高 γ,ECoG; intracortical,核心,2,并入 MOT-ME-001,D-005,4,0,0,BCI Competition IV dataset 4 (ECoG finger flexion),,,并入,可能作为运动执行变体并入
C031,B,motor,MOT-FORCE-001,MOT-FORCE,1,等长力控制,Isometric force control,CMC; corticomuscular coherence task; force tracking; isometric contraction,β 功率; 皮层-肌肉相干,EEG; MEG,相关,2,收录,D-026,4,2,1,,,,第一遍完成,
C029,B,motor,MOT-GAIT-001,,,下肢运动想象与步态,Lower-limb imagery / gait,foot motor imagery; gait imagery; lower-limb MI; walking BCI,中线 SMR ERD,EEG,核心,2,并入 MOT-MI-001,D-014,3,2,1,An EEG database for the cognitive assessment of motor imagery during walking with a lower-limb exoskeleton; EEG database for MI during walking with lower-limb exoskeleton,,,并入,
C167,B,motor,MOT-MSL-001,MOT-MSL,1,运动序列学习（手指序列）,Motor sequence learning,Finger Sequence Task; Sequence Learning,β 调制; M1 BOLD,EEG; fMRI,相关,2,收录,D-026,7,3,0,,https://www.hedtags.org/hed-task/tasks/hedtsk_motor_sequence_learning.html,,第一遍完成,
C030,B,motor,MOT-OBS-001,MOT-OBS,1,动作观察,Action observation,AO; action observation; mirror neuron paradigm,mu 抑制,EEG; MEG; fMRI,相关,2,收录,D-026,4,2,1,,,,第一遍完成,
C113,B,motor,MOT-RT-001,MOT-RT,1,简单/选择反应时,Simple / choice reaction time,Go/choice RT; LRP paradigm; choice reaction time,LRP,EEG,基础,2,收录,D-026,3,1,0,,,,第一遍完成,
C115,B,motor,MOT-SACC-001,MOT-SACC,2,眼跳任务,Saccade task,antisaccade; memory-guided saccade; prosaccade; visually guided saccade,眼跳前电位; 额眼区 BOLD,EEG; fMRI; intracortical,相关,2,收录,D-026,6,1,1,,,first_source R0001 (Javal 1878) is not a saccade-task paper; no lead for presaccadic potential,阻塞,
C114,B,motor,MOT-SRT-001,MOT-SRT,1,序列反应时（运动序列学习）,Serial reaction time task,SRTT; Serial RT; Serial Reaction Time; implicit sequence learning; serial reaction time task,LRP; β 调制,EEG; fMRI,基础,2,收录,D-026,7,3,2,,https://www.hedtags.org/hed-task/tasks/hedtsk_serial_reaction_time.html,,第一遍完成,
C028,B,motor,MOT-TRACK-001,MOT-TRACK,2,连续轨迹追踪,Continuous pursuit tracking,continuous trajectory decoding; pursuit tracking task; visuomotor tracking,低频 EEG; 高 γ,EEG; ECoG,核心,2,收录,D-026,5,2,0,,,,第一遍完成,
C165,B,motor,MOT-IB-001,MOT-IB,1,意向绑定（主体感）,Intentional binding,Action-Effect Binding Task; Interval Estimation Agency Task; Libet Clock Binding Task; Temporal Binding Task,准备电位; 感觉 N1 抑制,EEG,基础,3,收录,D-026,6,2,1,,https://www.hedtags.org/hed-task/tasks/hedtsk_intentional_binding.html,,第一遍完成,
C166,B,motor,MOT-MIRR-001,MOT-MIRR,1,镜像描摹,Mirror tracing,MTT; Mirror Drawing; Mirror Tracing,运动学习相关 BOLD,fMRI; EEG,基础,3,收录,D-026,6,2,2,,https://www.hedtags.org/hed-task/tasks/hedtsk_mirror_tracing.html,first_source R0106 not the task origin; no brain-recording lead specific to mirror tracing,阻塞,
C034,B,imagery,IMG-CMD-001,IMG-CMD,3,指令跟随想象（意识评估）,Command-following imagery,active paradigm for DoC; cognitive motor dissociation assessment; covert consciousness detection; mental imagery command-following; tennis/navigation imagery,BOLD 运动/海马旁区; SMR ERD,fMRI; EEG,核心,1,收录,D-026,5,1,2,,,,第一遍完成,
C033,B,imagery,IMG-MA-001,IMG-MA,2,心算,Mental arithmetic,MA; mental calculation; serial subtraction,HbO 任务响应; 节律调制,fNIRS; EEG,核心,1,收录,D-001,4,1,2,Colorado State Keirn & Aunon mental-task EEG data; Open Access Dataset for EEG plus NIRS Single-Trial Classification; TU Berlin open access hybrid EEG+NIRS BCI dataset (MI and MA),,,第一遍完成,族归属见判例 D-001
C032,B,imagery,IMG-SPI-001,IMG-SPI,3,想象语音（内部言语）,Imagined / inner speech,covert speech; imagined speech; inner speech; silent speech; speech imagery,高 γ; 节律调制,ECoG; EEG; intracortical,核心,1,收录,D-026,7,1,5,"Thinking out loud (inner speech EEG; figshare metadata record); Thinking out loud, an open-access EEG-based BCI dataset for inner speech recognition",,,第一遍完成,
C119,B,imagery,IMG-AUD-001,IMG-AUD,2,听觉想象,Auditory imagery,auditory imagery; imagined sounds; musical imagery (variant),节律调制; 听皮层 BOLD,EEG; fMRI; ECoG,相关,2,收录,D-026,6,0,0,,,,第一遍完成,
C121,B,imagery,IMG-FACE-001,,,面孔与场景想象,Face / place imagery,face/place imagery,FFA/PPA BOLD,fMRI,相关,2,并入 IMG-VIS-001,D-007,0,0,0,,,,并入,
C037,B,imagery,IMG-MUS-001,,,音乐想象,Music imagery,imagined music; musical imagery,节律调制,EEG; fNIRS,相关,2,并入 IMG-AUD-001,D-006,0,0,0,,,,并入,
C118,B,imagery,IMG-NAV-001,,,空间导航想象,Spatial navigation imagery,house navigation imagery; spatial navigation imagery,海马旁回 BOLD; HbO,fMRI; fNIRS,核心,2,并入 IMG-CMD-001,D-008,1,1,0,,,,并入,与 IMG-CMD 关系需判例
C035,B,imagery,IMG-ROT-001,IMG-ROT,1,心理旋转,Mental rotation,MRT; Mental Rotation; Shepard-Metzler Task; Shepard-Metzler task; hand laterality judgement (variant); mental rotation task,顶叶节律; HbO,EEG; fNIRS,相关,2,收录,D-001;D-026,7,1,4,,https://www.hedtags.org/hed-task/tasks/hedtsk_mental_rotation.html,,第一遍完成,
C120,B,imagery,IMG-SAO-001,IMG-SAO,2,体感注意定向,Somatosensory attentional orientation,SAO; somatosensory attention BCI; tactile selective attention,SMR ERD,EEG,核心,2,收录,D-026,1,1,0,,,,第一遍完成,
C038,B,imagery,IMG-VIS-001,IMG-VIS,2,视觉想象,Visual imagery,visual mental imagery; visualisation,α 调制; 视皮层 BOLD,EEG; fMRI,相关,2,收录,D-026,6,0,2,,,,第一遍完成,
C036,B,imagery,IMG-WORD-001,,,词语联想与生成,Word association / generation,VFT; phonemic/semantic fluency; verb generation; verbal fluency task; word generation,额叶 HbO,fNIRS; EEG,相关,2,并入 LAN-VF-001,D-036,4,1,2,"Data Descriptor: Simultaneous acquisition of EEG and NIRS during cognitive tasks for an open access dataset; Simultaneous EEG and NIRS during cognitive tasks (n-back, DSR, word generation) — Shin et al.",,,并入,
C041,B,stimulation,STM-CCEP-001,STM-CCEP,1,皮层-皮层诱发电位,Cortico-cortical evoked potentials (CCEP),CCEP; SPES; single pulse electrical stimulation,CCEP,sEEG; ECoG,基础,2,收录,D-026,1,1,0,,,,第一遍完成,
C123,B,stimulation,STM-DBSEP-001,STM-DBSEP,1,深部脑刺激诱发电位,DBS-evoked potentials,DBS cortical evoked potentials; ERNA; evoked resonant neural activity,ERNA; 皮层诱发响应,EEG; LFP,基础,2,收录,D-026;D-027,1,1,0,,,,第一遍完成,
C122,B,stimulation,STM-ECS-001,,,皮层电刺激功能定位,Electrical cortical stimulation mapping,ESM; cortical stimulation mapping; electrical stimulation mapping,刺激诱发功能反应,ECoG; sEEG,基础,2,排除,D-010,6,0,0,,,缺源头候选; 缺综述; 例会判定,排除,
C043,B,stimulation,STM-ICMS-001,,,皮层内微刺激感觉反馈,Intracortical microstimulation feedback,ICMS; artificial somatosensory feedback; intracortical microstimulation,待定,intracortical,核心,2,排除,D-009,5,0,0,,,缺源头候选; 缺综述; 需确认神经标记物; 例会判定,排除,可能不满足纳入标准第 3 条，需判例
C126,B,stimulation,STM-PAS-001,STM-PAS,1,成对联合刺激,Paired associative stimulation,PAS; paired associative stimulation,TEP; SEP,EEG,基础,2,收录,D-026,1,1,0,,,,第一遍完成,
C040,B,stimulation,STM-SEP-001,STM-SEP,1,正中神经体感诱发电位,Median-nerve SEP,N20; SEP; SSEP; somatosensory evoked potential,N20,EEG; MEG,基础,2,收录,D-026,4,1,0,,,,第一遍完成,
C042,B,stimulation,STM-TACS-001,STM-TACS,1,经颅交流电刺激同步脑电,tACS with EEG,oscillatory entrainment; tACS-EEG,节律夹带,EEG,基础,2,收录,D-026,2,1,0,,,,第一遍完成,
C125,B,stimulation,STM-TDCS-001,STM-TDCS,1,经颅直流电刺激同步记录,tDCS with EEG / fNIRS,tDCS-EEG; tDCS-fNIRS,功率调制,EEG; fNIRS,基础,2,收录,D-026,8,0,2,,,,第一遍完成,
C039,B,stimulation,STM-TEP-001,STM-TEP,1,TMS 诱发脑电,TMS-evoked potentials (TMS-EEG),TEP; TMS-EEG; perturbational complexity index,TEP,EEG,相关,2,收录,D-026,3,1,0,,,,第一遍完成,
C124,B,stimulation,STM-TUS-001,STM-TUS,1,经颅超声刺激,Transcranial focused ultrasound,LIFU; TUS; tFUS,BOLD; EEG 调制,fMRI; EEG,基础,2,收录,D-026,7,1,0,,,,第一遍完成,
C044,C,error,ERR-ERRP-001,ERR-ERRP,4,交互式错误电位,Interaction error-related potentials,Interaction ErrP; error-related potentials in BCI; iErrP,ErrP,EEG,核心,1,收录,D-026,3,2,1,,,,第一遍完成,
C045,C,error,ERR-OBS-001,ERR-OBS,3,观察性错误,Observation of errors,Observed error paradigm; oERN; observation ErrP; observer ERN,oERN; ErrP,EEG,核心,1,收录,D-026,2,1,1,,,,第一遍完成,
C049,C,error,ERR-ADAPT-001,ERR-ADAPT,2,运动适应（视觉旋转）,Visuomotor adaptation,Cursor rotation adaptation; Visuomotor adaptation task; Visuomotor rotation,FRN; ErrP,EEG,相关,2,收录,D-026,3,1,0,,,,第一遍完成,
C128,C,error,ERR-AWARE-001,ERR-AWARE,3,错误觉知,Error awareness,Aware vs unaware errors; Error Awareness Task (EAT); Error awareness paradigm; Error signaling task,Pe,EEG,相关,2,收录,D-015,6,1,1,,,,第一遍完成,
C127,C,error,ERR-BANDIT-001,ERR-BANDIT,1,多臂老虎机（探索-利用）,Multi-armed bandit,Bandit Task; Explore-exploit task; K-Armed Bandit; MAB; Multi-Armed Bandit; Multi-armed bandit; Restless bandit; Volatile bandit; n-armed bandit,FRN; 前额 BOLD,EEG; fMRI,基础,2,收录,D-026,5,1,1,,https://www.hedtags.org/hed-task/tasks/hedtsk_multi_armed_bandit.html,,第一遍完成,
C046,C,error,ERR-GAM-001,ERR-GAM,3,赌博与奖赏反馈,Gambling / reward feedback,Doors task; FRN paradigm; Feedback Block; Performance Feedback; RewP paradigm; Reward feedback paradigm; Score Screen; Simple gambling task; Trial Feedback,FRN (RewP),EEG,相关,2,收录,D-026,3,1,2,,https://www.hedtags.org/hed-task/tasks/hedtsk_receive_feedback.html,,第一遍完成,
C048,C,error,ERR-PRL-001,ERR-PRL,1,概率反转学习,Probabilistic reversal learning,PRL; Probabilistic Reversal Learning; Probabilistic reversal learning task; Reversal learning task,FRN; 纹状体 BOLD,EEG; fMRI,基础,2,收录,D-026,7,2,1,,https://www.hedtags.org/hed-task/tasks/hedtsk_reversal_learning.html,,第一遍完成,
C171,C,error,ERR-PSEL-001,ERR-PSEL,1,概率选择任务,Probabilistic selection task,Frank Task; PSS; PST; Probabilistic Selection; Probabilistic Stimulus Selection Task,FRN; 额中线 θ,EEG; fMRI,基础,2,收录,D-026,7,3,0,,https://www.hedtags.org/hed-task/tasks/hedtsk_probabilistic_selection.html,,第一遍完成,
C047,C,error,ERR-TE-001,ERR-TE,1,时间估计任务,Time estimation task,Interval estimation with feedback; Miltner time-estimation task; Time estimation task,FRN,EEG,基础,2,收录,D-026,2,1,1,,,,第一遍完成,
C168,C,error,ERR-CAUS-001,ERR-CAUS,1,因果学习,Causal learning,Allergy Prediction Task; Causal Induction Task; Causal Judgment Task; Contingency Judgment Task; Contingency Learning Task; Delta-P Task,预测误差 BOLD,fMRI,基础,3,收录,D-026,7,3,1,,https://www.hedtags.org/hed-task/tasks/hedtsk_causal_learning.html,no neural lead among leads supports MK.BOLD_dlPFC (D-023 criterion to check in pass 2),阻塞,
C169,C,error,ERR-INST-001,ERR-INST,1,工具性条件化,Instrumental conditioning,Instrumental Learning; Operant Conditioning; PIT; Pavlovian-Instrumental Transfer,FRN; 纹状体 BOLD,EEG; fMRI,基础,3,收录,D-026,7,3,0,,https://www.hedtags.org/hed-task/tasks/hedtsk_instrumental_conditioning.html,,第一遍完成,
C170,C,error,ERR-PCL-001,ERR-PCL,1,概率分类学习（天气预报任务）,Probabilistic classification learning,Probabilistic Classification Learning; WPT; Weather Prediction; Weather Prediction Task,纹状体 BOLD,fMRI,基础,3,收录,D-026,7,3,0,,https://www.hedtags.org/hed-task/tasks/hedtsk_probabilistic_classification_learning.html,,第一遍完成,
C172,C,error,ERR-TS-001,ERR-TS,2,两阶段决策（基于模型/无模型）,Two-stage decision task,Daw Task; MB/MF Task; Two-Step Task,纹状体 BOLD; FRN,fMRI; EEG,基础,3,收录,D-026,7,3,1,,https://www.hedtags.org/hed-task/tasks/hedtsk_two_stage_decision.html,,第一遍完成,
C131,C,control,CTL-ANT-001,CTL-ANT,2,注意网络测试,Attention Network Test (ANT),ANT; ANT-I (interaction variant); Attention Network Test; Clinical Screening ANT,N1; P3; CNV,EEG; fMRI,基础,2,收录,D-026,6,3,2,,https://www.hedtags.org/hed-task/tasks/hedtsk_attention_network.html,,第一遍完成,
C058,C,control,CTL-AS-001,CTL-AS,1,反向眼跳,Antisaccade task,AST; Anti-Saccade; Anti-saccade; Antisaccade; Antisaccade task; Pro/antisaccade task,眼跳前电位,EEG; fMRI,基础,2,收录,D-026,7,2,3,,https://www.hedtags.org/hed-task/tasks/hedtsk_anti_saccade.html,,第一遍完成,
C056,C,control,CTL-CNV-001,CTL-CNV,1,S1-S2 预期任务,S1-S2 paradigm,CNV paradigm; Contingent negative variation paradigm; S1-S2 paradigm; Warned reaction-time paradigm,CNV,EEG,相关,2,收录,D-026,2,1,1,,,,第一遍完成,
C057,C,control,CTL-CPT-001,CTL-CPT,3,持续操作任务（AX-CPT）,Continuous performance task (AX-CPT),AX continuous performance task; AX-CPT; AX-CPT variant; CPT; CPT-II; CPT-X; Continuous Performance,CNV; P3,EEG; fMRI,相关,2,收录,D-026,7,3,2,,https://www.hedtags.org/hed-task/tasks/hedtsk_continuous_performance.html,,第一遍完成,
C134,C,control,CTL-DD-001,CTL-DD,1,延迟折扣,Delay discounting,Delay discounting; Delay of Gratification; Intertemporal choice task; Temporal Discounting; Temporal discounting,纹状体/前额 BOLD,fMRI; EEG,基础,2,收录,D-026,6,3,2,,https://www.hedtags.org/hed-task/tasks/hedtsk_delay_discounting.html,,第一遍完成,
C130,C,control,CTL-DT-001,CTL-DT,1,双任务,Dual-task / PRP,Dual-task paradigm; PRP; PRP paradigm; Psychological Refractory Period; Psychological refractory period,P3; 额中线 θ,EEG; fMRI,相关,2,收录,D-026,7,3,1,,https://www.hedtags.org/hed-task/tasks/hedtsk_psychological_refractory_period.html,,第一遍完成,
C050,C,control,CTL-FLK-001,CTL-FLK,2,Flanker 任务,Eriksen flanker task,Arrow flanker task; Eriksen flanker; Flanker; Flanker Task; Flanker task; Letter flanker task,ERN; Pe; N2,EEG; MEG; fMRI,相关,2,收录,D-026,9,3,2,ERP CORE (flanker task: ERN and LRP); ERP CORE OSF repository; ERP CORE: An Open Resource for Human Event-Related Potential Research,https://www.hedtags.org/hed-task/tasks/hedtsk_eriksen_flanker.html,,第一遍完成,
C051,C,control,CTL-GNG-001,CTL-GNG,1,Go/NoGo,Go/NoGo task,GNG; Go No-Go; Go/No-Go; Go/Nogo task,N2; P3,EEG; fMRI,相关,2,收录,D-026,9,2,4,,https://www.hedtags.org/hed-task/tasks/hedtsk_go_no_go.html,,第一遍完成,
C135,C,control,CTL-IGT-001,CTL-IGT,1,爱荷华赌博任务,Iowa gambling task,Bechara gambling task; IGT; Iowa Gambling; Iowa Gambling Task,FRN; 前额 BOLD,EEG; fMRI,基础,2,收录,D-026,8,3,2,,https://www.hedtags.org/hed-task/tasks/hedtsk_iowa_gambling.html,,第一遍完成,
C129,C,control,CTL-PDM-001,CTL-PDM,2,知觉决策（随机点运动）,Perceptual decision making (random-dot motion),Dot Motion; Dot Motion Task; Motion coherence discrimination; Perceptual decision making; RDK; Random Dot Kinematogram; Random dot kinematogram; Random dot motion task,CPP,EEG; intracortical,相关,2,收录,D-026,7,3,2,,https://www.hedtags.org/hed-task/tasks/hedtsk_random_dot_kinematogram.html,,第一遍完成,
C178,C,control,CTL-SART-001,CTL-SART,1,持续注意反应任务（SART）,Sustained attention to response task,SART; Sustained Attention to Response,P3; α,EEG,相关,2,收录,D-026,10,4,1,,https://www.hedtags.org/hed-task/tasks/hedtsk_sustained_attention_to_response.html,,第一遍完成,
C054,C,control,CTL-SIM-001,CTL-SIM,2,Simon 任务,Simon task,Simon Effect Task; Simon effect; Simon task; Spatial Compatibility; Spatial S-R compatibility task,N2; LRP,EEG,基础,2,收录,D-026,7,3,2,,https://www.hedtags.org/hed-task/tasks/hedtsk_simon.html,,第一遍完成,
C052,C,control,CTL-SST-001,CTL-SST,1,停止信号任务,Stop-signal task,Countermanding task; SST; Stop Signal; Stop Task; Stop-Signal; Stop-signal paradigm,抑制 P3; 右额下回 β,EEG; fMRI,基础,2,收录,D-026,10,3,2,,https://www.hedtags.org/hed-task/tasks/hedtsk_stop_signal.html,,第一遍完成,
C053,C,control,CTL-STR-001,CTL-STR,2,Stroop 任务,Stroop task,CWIT; Color-Word Interference Test; Color-word interference task; Stroop; Stroop color-word task,N450,EEG; fMRI,基础,2,收录,D-026,7,2,3,,https://www.hedtags.org/hed-task/tasks/hedtsk_stroop_color_word.html,,第一遍完成,
C055,C,control,CTL-SW-001,CTL-SW,3,任务切换,Task switching,Alternating Runs; Alternating runs paradigm; Cued task switching; Set Shifting; Task switching; Task-switching paradigm,额中线 θ; 切换 P3,EEG; fMRI,基础,2,收录,D-026,7,3,2,,https://www.hedtags.org/hed-task/tasks/hedtsk_task_switching.html,,第一遍完成,
C133,C,control,CTL-TOL-001,CTL-TOL,1,伦敦塔（计划）,Tower of London,Shallice Tower Task; Stockings of Cambridge (CANTAB variant); TOL; TOL-F; Tower of London,前额 BOLD; HbO,fMRI; fNIRS,基础,2,收录,D-026,7,3,1,,https://www.hedtags.org/hed-task/tasks/hedtsk_tower_of_london.html,,第一遍完成,
C132,C,control,CTL-WCST-001,CTL-WCST,1,威斯康星卡片分类,Wisconsin Card Sorting Test,Card Sorting Task; Card sorting task; WCST; Wisconsin Card Sorting Test,额叶 BOLD; P3,EEG; fMRI; fNIRS,基础,2,收录,D-026,6,2,2,,https://www.hedtags.org/hed-task/tasks/hedtsk_wisconsin_card_sorting.html,,第一遍完成,
C173,C,control,CTL-BART-001,CTL-BART,1,气球模拟风险任务,Balloon analogue risk task,BART; Balloon Analog Risk; Balloon Task,FRN; 前额 BOLD,EEG; fMRI,基础,3,收录,D-026,6,3,0,,https://www.hedtags.org/hed-task/tasks/hedtsk_balloon_analog_risk.html,,第一遍完成,
C174,C,control,CTL-DSST-001,,,数字符号替换,Digit symbol substitution,Coding Test; DSST; Digit Symbol Substitution; Digit Symbol Substitution Test; SDMT; Symbol Digit Modalities,待定,fMRI,基础,3,暂缓,D-023,4,0,1,,https://www.hedtags.org/hed-task/tasks/hedtsk_digit_symbol_substitution.html,缺源头候选; 需确认神经标记物,暂缓,以行为测量为主，需确认是否满足纳入标准 3
C175,C,control,CTL-EFF-001,CTL-EFF,1,努力决策,Effort-based decision making,EEfRT; Effort Choice Task; Effort Discounting Task; Effort Expenditure for Rewards Task; Effort-Cost Paradigm,前扣带 BOLD,fMRI; EEG,基础,3,收录,D-026,7,3,1,,https://www.hedtags.org/hed-task/tasks/hedtsk_effort_based_decision_making.html,,第一遍完成,
C176,C,control,CTL-RAT-001,CTL-RAT,1,远距离联想（创造力）,Remote associates test,RAT; Remote Associates; Remote Associates Test,α 功率,EEG; fMRI,基础,3,收录,D-026,7,3,0,,https://www.hedtags.org/hed-task/tasks/hedtsk_remote_associates.html,,第一遍完成,
C177,C,control,CTL-RAVEN-001,CTL-RAVEN,1,瑞文推理,Raven's progressive matrices,Progressive Matrices; RPM; Raven's; Raven's Progressive Matrices; Raven's Progressive Matrices Test,额顶 BOLD,fMRI; EEG,基础,3,收录,D-023,7,3,0,,https://www.hedtags.org/hed-task/tasks/hedtsk_ravens_progressive_matrices.html,,第一遍完成,以行为测量为主，需确认是否满足纳入标准 3
C179,C,control,CTL-TMT-001,,,连线测验,Trail making test,TMT; Trail Making; Trail Making Test; Trails A/B,前额 HbO,fNIRS; fMRI,基础,3,暂缓,D-023,5,2,0,,https://www.hedtags.org/hed-task/tasks/hedtsk_trail_making.html,缺综述; 需确认神经标记物,暂缓,以行为测量为主，需确认是否满足纳入标准 3
C180,C,control,CTL-WASON-001,CTL-WASON,1,Wason 选择任务,Wason selection task,Card Selection Task; Wason,前额 BOLD,fMRI,基础,3,收录,D-026,6,3,0,,https://www.hedtags.org/hed-task/tasks/hedtsk_wason_selection.html,no neural lead among leads supports MK.BOLD_dlPFC (D-023 criterion to check in pass 2),阻塞,
C059,D,memory,MEM-NBK-001,MEM-NBK,4,n-back,n-back task,Dual N-Back; Kirchner task; N-Back; N-back task; n-back,额中线 θ; P3b; α,EEG; fNIRS; fMRI,核心,1,收录,D-026,8,2,3,,https://www.hedtags.org/hed-task/tasks/hedtsk_n_back.html,,第一遍完成,认知负荷监测
C061,D,memory,MEM-CD-001,MEM-CD,3,变化检测,Change detection,CDA paradigm; Change detection task; Lateralized change detection; Luck-Vogel Task; VWM Capacity Task; Visual working memory change detection,CDA,EEG,相关,2,收录,D-026,12,3,1,,https://www.hedtags.org/hed-task/tasks/hedtsk_change_detection.html,,第一遍完成,
C182,D,memory,MEM-DF-001,MEM-DF,2,定向遗忘,Directed forgetting,DF Task; Item-Method DF; List-Method DF,额叶 ERP; α,EEG; fMRI,基础,2,收录,D-026,5,1,1,,https://www.hedtags.org/hed-task/tasks/hedtsk_directed_forgetting.html,,第一遍完成,
C062,D,memory,MEM-DMS-001,MEM-DMS,1,延迟匹配,Delayed match-to-sample,DMS; DMTS; Delayed Match-to-Sample; Delayed match-to-sample; Delayed matching task; Delayed non-match-to-sample (variant),延迟期 α/γ,EEG; MEG,基础,2,收录,D-026,7,3,2,,https://www.hedtags.org/hed-task/tasks/hedtsk_delayed_match_to_sample.html,,第一遍完成,
C138,D,memory,MEM-DRM-001,MEM-DRM,1,错误记忆（DRM）,Deese-Roediger-McDermott paradigm,DRM paradigm; Deese-Roediger-McDermott paradigm; False memory word-list paradigm,FN400; 顶叶新旧效应,EEG; fMRI,基础,2,收录,D-026,3,1,0,,,,第一遍完成,
C184,D,memory,MEM-FR-001,MEM-FR,2,自由回忆与词表学习,Free recall / list learning,RAVLT; Recall Task; Rey Auditory Verbal Learning Test; Rey Verbal Learning,后续记忆效应; θ/γ,EEG; sEEG; fMRI,相关,2,收录,D-026,12,4,0,,https://www.hedtags.org/hed-task/tasks/hedtsk_free_recall.html ; https://www.hedtags.org/hed-task/tasks/hedtsk_rey_auditory_verbal_learning.html,,第一遍完成,Rey 听觉词语学习作为变体并入
C140,D,memory,MEM-NAV-001,MEM-NAV,3,虚拟空间导航记忆,Virtual spatial navigation,Morris Water Maze; RAM; Radial Arm Maze; Spatial navigation memory; Virtual Morris water maze; Virtual Radial Arm Maze; Virtual Water Maze; Virtual navigation task; Virtual town navigation; vMWM; vRAM,海马 θ,sEEG; EEG; fMRI,相关,2,收录,D-026,14,6,1,,https://www.hedtags.org/hed-task/tasks/hedtsk_virtual_morris_water_maze.html ; https://www.hedtags.org/hed-task/tasks/hedtsk_virtual_radial_arm_maze.html,,第一遍完成,
C064,D,memory,MEM-ON-001,MEM-ON,2,新旧再认,Old/new recognition,ERP old/new effect; Old/new paradigm; Old/new recognition; Recognition Memory Test; Recognition memory test; Yes/No Recognition,FN400; 顶叶新旧效应,EEG,基础,2,收录,D-026,6,3,2,,https://www.hedtags.org/hed-task/tasks/hedtsk_old_new_recognition_memory.html,,第一遍完成,
C065,D,memory,MEM-PA-001,MEM-PA,2,配对联想学习,Paired-associate learning,Associative memory task; Cued recall of word pairs; PAL; Paired Associate Learning; Paired Associates Learning; Paired-associate learning,θ; 海马 BOLD,EEG; fMRI; sEEG,基础,2,收录,D-026,7,1,0,,https://www.hedtags.org/hed-task/tasks/hedtsk_paired_associates_learning.html,first_source TBD: no origin paper in leads or search,阻塞,
C137,D,memory,MEM-RC-001,MEM-RC,1,回溯线索,Retro-cue paradigm,Retro-cue paradigm; Retrocue task; Retrospective cueing,α 偏侧化,EEG; MEG,基础,2,收录,D-026,1,1,0,,,,第一遍完成,
C060,D,memory,MEM-SB-001,MEM-SB,1,Sternberg 工作记忆,Sternberg task,Memory Search Task; Memory scanning task; Sternberg Memory Scanning; Sternberg item recognition; Sternberg task,额中线 θ; 后部 α,EEG; MEG,相关,2,收录,D-026,5,2,1,,https://www.hedtags.org/hed-task/tasks/hedtsk_sternberg_item_recognition.html,,第一遍完成,
C063,D,memory,MEM-SME-001,MEM-SME,1,后续记忆效应,Subsequent memory paradigm,Difference due to memory (Dm); SME paradigm; Subsequent memory effect,Dm,EEG; fMRI,基础,2,收录,D-026,2,1,0,,,,第一遍完成,
C136,D,memory,MEM-SWM-001,MEM-SWM,1,空间工作记忆,Spatial working memory,Block Tapping; CANTAB SWM; Corsi; Corsi Span; Corsi block-tapping; Spatial delayed response; Spatial span; Spatial working memory task,CDA; 额顶 BOLD,EEG; fMRI,相关,2,收录,D-026,5,2,0,,https://www.hedtags.org/hed-task/tasks/hedtsk_corsi_block_tapping.html,,第一遍完成,
C139,D,memory,MEM-TMR-001,MEM-TMR,2,睡眠中目标记忆再激活,Targeted memory reactivation,Cued memory reactivation during sleep; TMR; Targeted memory reactivation,纺锤波; 慢波,EEG,相关,2,收录,D-026,2,1,1,,,,第一遍完成,
C192,D,memory,MEM-TNT-001,MEM-TNT,1,想/不想,Think/No-Think,TNT Task; Think No-Think,额叶 ERP; 海马 BOLD,EEG; fMRI,基础,2,收录,D-026,7,3,2,,https://www.hedtags.org/hed-task/tasks/hedtsk_think_no_think.html,,第一遍完成,
C181,D,memory,MEM-CFMT-001,MEM-CFMT,1,剑桥面孔记忆,Cambridge face memory test,CFMT; Cambridge Face Memory; Cambridge Face Memory Test; Cambridge Face Test,N170; FFA BOLD,EEG; fMRI,基础,3,收录,D-026,7,3,0,,https://www.hedtags.org/hed-task/tasks/hedtsk_cambridge_face_memory.html,,第一遍完成,
C183,D,memory,MEM-DS-001,MEM-DS,2,数字广度,Digit span,DS; Digit Span; Forward/Backward Span,额中线 θ,EEG,基础,3,收录,D-023,6,3,0,,https://www.hedtags.org/hed-task/tasks/hedtsk_digit_span.html,D-023 criterion (>=2 independent neural studies) to be confirmed at meeting; leads DN06/DN07 unchecked；D-043：第二冲刺第一周核对 DN06、DN07,阻塞,
C185,D,memory,MEM-META-001,MEM-META,2,元记忆（知晓感、学习判断）,Metamemory (feeling-of-knowing / judgment-of-learning),FOK Task; Feeling-of-Knowing Judgment; Hart FOK Paradigm; JOL Task; Judgment-of-Learning Paradigm; Metacognitive Prediction Task,前额 BOLD; ERP,EEG; fMRI,基础,3,收录,D-026,14,6,3,,https://www.hedtags.org/hed-task/tasks/hedtsk_feeling_of_knowing.html ; https://www.hedtags.org/hed-task/tasks/hedtsk_judgment_of_learning.html,,第一遍完成,
C186,D,memory,MEM-MST-001,MEM-MST,2,记忆相似性（模式分离）,Mnemonic similarity task,MST; Mnemonic Discrimination Task; Mnemonic Similarity; Pattern Separation Task,海马 DG/CA3 BOLD,fMRI,基础,3,收录,D-026,7,3,0,,https://www.hedtags.org/hed-task/tasks/hedtsk_mnemonic_similarity.html,,第一遍完成,
C187,D,memory,MEM-OSPAN-001,,,操作广度,Operation span,Complex Span; OSPAN; Operation Span,待定,EEG; fMRI,基础,3,暂缓,D-023,6,2,2,,https://www.hedtags.org/hed-task/tasks/hedtsk_operation_span.html,需确认神经标记物,暂缓,以行为测量为主，需确认是否满足纳入标准 3
C188,D,memory,MEM-PM-001,MEM-PM,2,前瞻记忆,Prospective memory,Einstein-McDaniel Paradigm; Event-Based Prospective Memory; PM Task; PMTASK; Time-Based Prospective Memory,N300; 前额 BOLD,EEG; fMRI,基础,3,收录,D-026,6,3,1,,https://www.hedtags.org/hed-task/tasks/hedtsk_prospective_memory.html,,第一遍完成,
C189,D,memory,MEM-RK-001,,,记得/知道,Remember/know,R/K Paradigm; Remember-Know,FN400; 顶叶新旧效应,EEG; fMRI,基础,3,并入 MEM-ON-001,D-024,6,2,0,,https://www.hedtags.org/hed-task/tasks/hedtsk_remember_know.html,,并入,
C190,D,memory,MEM-SRC-001,MEM-SRC,1,来源记忆,Source memory,Context Memory Task; Reality Monitoring Task; Source Judgment Task; Source Monitoring Task,右额晚期效应,EEG; fMRI,基础,3,收录,D-026,7,3,2,,https://www.hedtags.org/hed-task/tasks/hedtsk_source_memory.html,,第一遍完成,
C191,D,memory,MEM-SRE-001,MEM-SRE,1,自我参照编码,Self-referential encoding,SRET; Self-Reference Effect Paradigm; Self-Referential Processing Task; Trait Adjective Endorsement Task,内侧前额 BOLD,fMRI; EEG,基础,3,收录,D-026,7,2,2,,https://www.hedtags.org/hed-task/tasks/hedtsk_self_referential_encoding.html,,第一遍完成,
C066,D,language,LAN-OVS-001,LAN-OVS,3,出声或尝试言语产生,Overt / attempted speech production,articulation decoding; attempted speech; speech neuroprosthesis,高 γ（腹侧感觉运动皮层）,ECoG; intracortical,核心,1,收录,D-026,6,2,2,,,,第一遍完成,言语神经假体
C141,D,language,LAN-HIER-001,LAN-HIER,1,语言层级结构频率标记,Hierarchical linguistic structure tracking,Ding paradigm; frequency-tagging of linguistic structure; hierarchical linguistic tracking,频率标记响应,MEG; EEG; ECoG,相关,2,收录,D-026,1,1,0,,,,第一遍完成,
C071,D,language,LAN-LDT-001,LAN-LDT,1,词汇判断,Lexical decision,LDT; Lexical Decision; word/nonword decision,N400,EEG; fMRI,基础,2,收录,D-016,12,3,2,,https://www.hedtags.org/hed-task/tasks/hedtsk_lexical_decision.html,,第一遍完成,
C142,D,language,LAN-LOC-001,LAN-LOC,2,语言定位任务,Language localizer (sentences vs nonwords),Fedorenko localizer; language localizer; sentences vs nonwords,语言网络 BOLD,fMRI,基础,2,收录,D-026,1,1,0,,,,第一遍完成,
C194,D,language,LAN-MUS-001,LAN-MUS,1,音乐句法违例,Musical syntax violation,,ERAN,EEG; MEG,基础,2,收录,D-026,1,1,0,,,,第一遍完成,
C068,D,language,LAN-N400-001,LAN-N400,2,语义违例,Semantic violation,semantic anomaly; semantic incongruity; sentence N400 paradigm,N400,EEG; MEG,相关,2,收录,D-026,4,1,2,,,,第一遍完成,
C067,D,language,LAN-NAT-001,LAN-NAT,1,自然语音聆听,Naturalistic speech listening,TRF paradigm; audiobook listening; continuous speech listening; speech envelope tracking,语音包络跟踪（TRF）,EEG; MEG; ECoG,相关,2,收录,D-026,5,2,1,,,,第一遍完成,
C069,D,language,LAN-P600-001,LAN-P600,2,句法违例,Syntactic violation,agreement violation; garden-path sentences; syntactic anomaly; syntactic positive shift (SPS),P600; LAN,EEG,基础,2,收录,D-026,5,1,2,,,,第一遍完成,
C073,D,language,LAN-PHON-001,,,音位辨别,Phoneme discrimination,phoneme contrast discrimination; phonetic MMN; speech-sound oddball,MMN,EEG; MEG,基础,2,并入 PER-MMN-001,D-017,4,2,2,,,,并入,
C072,D,language,LAN-PN-001,LAN-PN,2,图片命名,Picture naming,Confrontation Naming; Object Naming; confrontation naming; picture-word interference (variant); visual naming,高 γ; BOLD 语言区,ECoG; fMRI,基础,2,收录,D-026,11,4,3,,https://www.hedtags.org/hed-task/tasks/hedtsk_picture_naming.html,,第一遍完成,
C070,D,language,LAN-PRIME-001,LAN-PRIME,2,语义启动,Semantic priming,Associative Priming; Morphological Priming; Orthographic Priming; Phonological Priming; Priming; associative priming; masked semantic priming; word-pair priming,N400,EEG,基础,2,收录,D-016,12,3,1,,https://www.hedtags.org/hed-task/tasks/hedtsk_semantic_priming.html,,第一遍完成,
C143,D,language,LAN-READ-001,LAN-READ,1,自然阅读（眼动同步）,Natural reading with eye tracking,co-registered EEG/eye-tracking reading; fixation-related potentials (FRP); natural reading,注视相关电位（FRP）,EEG,相关,2,收录,D-026,5,1,0,,,,第一遍完成,
C196,D,language,LAN-SC-001,LAN-SC,2,句子理解,Sentence comprehension,Garden-Path Reading; Syntactic Ambiguity Task,N400; P600; 语言网络 BOLD,EEG; fMRI,相关,2,收录,D-026,8,3,1,,https://www.hedtags.org/hed-task/tasks/hedtsk_sentence_comprehension.html,,第一遍完成,
C198,D,language,LAN-VF-001,LAN-VF,3,言语流畅性,Verbal fluency,COWAT; Category Fluency; Controlled Oral Word Association Test; FAS Test; Letter Fluency; Phonemic Fluency; Semantic Fluency,额叶 HbO,fNIRS; fMRI,相关,2,收录,D-026,11,2,4,,https://www.hedtags.org/hed-task/tasks/hedtsk_verbal_fluency.html,,第一遍完成,
C199,D,language,LAN-VG-001,LAN-VG,1,动词生成,Verb generation,Verb Gen; Verb Generation,左额下回 BOLD,fMRI; fNIRS,基础,2,收录,D-026,8,3,0,,https://www.hedtags.org/hed-task/tasks/hedtsk_verb_generation.html,,第一遍完成,
C193,D,language,LAN-AGL-001,LAN-AGL,1,人工语法学习,Artificial grammar learning,AGL; Artificial Grammar; Artificial Grammar Learning,P600; ERAN,EEG; fMRI,基础,3,收录,D-026,6,3,0,,https://www.hedtags.org/hed-task/tasks/hedtsk_artificial_grammar_learning.html,,第一遍完成,
C195,D,language,LAN-PHA-001,LAN-PHA,1,语音意识,Phonological awareness,Phoneme Deletion; Rhyme Judgment,MMN; 语言区 BOLD,EEG; fMRI,基础,3,收录,D-026,6,3,1,,https://www.hedtags.org/hed-task/tasks/hedtsk_phonological_awareness.html,,第一遍完成,
C197,D,language,LAN-SPR-001,,,自定步速阅读,Self-paced reading,Cumulative Self-Paced Reading; Moving-Window Reading Task; Non-Cumulative Self-Paced Reading; Phrase-by-Phrase Reading Task; Word-by-Word Reading Task,待定,EEG,基础,3,排除,D-023,6,2,0,,https://www.hedtags.org/hed-task/tasks/hedtsk_self_paced_reading.html,缺综述; 需确认神经标记物,排除,以行为测量为主，需确认是否满足纳入标准 3
C074,E,emotion,EMO-FILM-001,EMO-FILM,4,情绪影片诱发,Emotional film elicitation,film-clip emotion induction; movie-induced emotion,额叶 α 不对称; 节律调制,EEG,核心,1,收录,D-018,5,1,2,Investigating critical frequency bands and channels for EEG-based emotion recognition with deep neural networks; SEED (SJTU Emotion EEG Dataset) family incl. SEED-IV/SEED-VII,,,第一遍完成,情绪识别公开数据集多
C075,E,emotion,EMO-MUS-001,,,音乐/音乐视频情绪诱发,Music-video emotion elicitation,music video affect induction; music-evoked emotion,节律调制,EEG,核心,1,并入 EMO-FILM-001,D-018,2,0,2,"AMIGOS; AMIGOS: A Dataset for Affect, Personality and Mood Research on Individuals and Groups; DEAP; DEAP: a database for emotion analysis using physiological signals",,,并入,
C145,E,emotion,EMO-AUTO-001,EMO-AUTO,1,自传体回忆情绪诱发,Autobiographical recall,AMI; Autobiographical Memory Interview; Autobiographical Memory Test; Cue-Word Autobiographical Memory Task; Galton-Crovitz Task; autobiographical memory recall; emotional recall induction; personal imagery induction,节律调制; BOLD,EEG; fMRI,相关,2,收录,D-026,9,3,3,,https://www.hedtags.org/hed-task/tasks/hedtsk_autobiographical_memory.html,,第一遍完成,
C147,E,emotion,EMO-DOT-001,EMO-DOT,1,点探测注意偏向,Dot-probe task,Attentional Probe; Visual Probe Task; attentional bias task; dot-probe; visual probe task,N2pc; P1,EEG; fMRI,基础,2,收录,D-026,7,2,2,,https://www.hedtags.org/hed-task/tasks/hedtsk_dot_probe.html,,第一遍完成,
C148,E,emotion,EMO-EST-001,EMO-EST,1,情绪 Stroop,Emotional Stroop,Affective Stroop; eStroop; emotional Stroop,LPP; N2,EEG; fMRI,基础,2,收录,D-019,6,3,1,,https://www.hedtags.org/hed-task/tasks/hedtsk_emotional_stroop.html,no origin source identified,阻塞,
C077,E,emotion,EMO-FACE-001,EMO-FACE,2,情绪面孔,Emotional faces,Ekman Faces Task; Facial Emotion Recognition; emotional face viewing; facial expression processing,N170; EPN,EEG; fMRI,相关,2,收录,D-026,10,3,4,,https://www.hedtags.org/hed-task/tasks/hedtsk_facial_emotion_recognition.html,,第一遍完成,
C079,E,emotion,EMO-FC-001,EMO-FC,3,恐惧条件化,Fear conditioning,Classical Conditioning; FC; Fear Conditioning; Pavlovian fear conditioning; fear acquisition and extinction; threat conditioning,杏仁核 BOLD,fMRI,基础,2,收录,D-026,11,5,3,,https://www.hedtags.org/hed-task/tasks/hedtsk_pavlovian_fear_conditioning.html,,第一遍完成,
C076,E,emotion,EMO-IAPS-001,EMO-IAPS,1,情绪图片观看,Emotional picture viewing,IAPS Viewing; IAPS viewing; LPP paradigm; Passive Viewing Task; affective picture viewing,LPP,EEG; fMRI,相关,2,收录,D-026,8,2,4,,https://www.hedtags.org/hed-task/tasks/hedtsk_affective_picture_viewing.html,,第一遍完成,
C078,E,emotion,EMO-MID-001,EMO-MID,2,金钱激励延迟任务,Monetary incentive delay,MID; MID task; Monetary Incentive Delay; monetary incentive delay,纹状体 BOLD; RewP,fMRI; EEG,基础,2,收录,D-026,10,3,4,,https://www.hedtags.org/hed-task/tasks/hedtsk_monetary_incentive_delay.html,,第一遍完成,
C080,E,emotion,EMO-REG-001,EMO-REG,2,情绪调节（认知重评）,Emotion regulation (reappraisal),Cognitive Reappraisal Task; ER Task; cognitive reappraisal task; instructed emotion regulation; look-vs-reappraise,LPP 调制,EEG; fMRI,基础,2,收录,D-026,11,1,7,,https://www.hedtags.org/hed-task/tasks/hedtsk_emotion_regulation.html,,第一遍完成,
C144,E,emotion,EMO-SOUND-001,EMO-SOUND,1,情绪声音与语音韵律,Emotional sounds / prosody,IADS sounds; affective vocalizations; emotional prosody,P200; LPP,EEG; fMRI,相关,2,收录,D-026,7,1,0,,,,第一遍完成,
C146,E,emotion,EMO-STRESS-001,EMO-STRESS,2,社会应激任务,Social stress task (e.g. TSST / MIST),MIST; Montreal Imaging Stress Task; TSST; Trier Social Stress Test,额叶 α; BOLD,EEG; fMRI; fNIRS,相关,2,收录,D-026,3,1,1,,,,第一遍完成,
C200,E,emotion,EMO-APRIME-001,EMO-APRIME,1,情感启动,Affective priming,Evaluative Priming,N400; LPP,EEG,基础,3,收录,D-026,6,3,2,,https://www.hedtags.org/hed-task/tasks/hedtsk_affective_priming.html,,第一遍完成,
C150,E,social,SOC-BIO-001,SOC-BIO,1,生物运动知觉,Biological motion perception,Johansson displays; PLW; Point-Light Displays; Point-Light Walker Task; biological motion; point-light walkers,N170/N2; STS BOLD,EEG; fMRI,基础,2,收录,D-026,10,3,1,,https://www.hedtags.org/hed-task/tasks/hedtsk_biological_motion_perception.html,,第一遍完成,
C151,E,social,SOC-CYB-001,SOC-CYB,1,社会排斥（Cyberball）,Cyberball social exclusion,Cyberball; ostracism paradigm; social exclusion,P3; 前扣带 BOLD,EEG; fMRI,基础,2,收录,D-026,1,1,0,,,,第一遍完成,
C083,E,social,SOC-GAZE-001,SOC-GAZE,2,目光跟随与共同注意,Gaze following / joint attention,eye-gaze following; gaze cueing; gaze-cueing task; joint attention,N170; 注意 ERP,EEG; fMRI,基础,2,收录,D-026,5,1,1,,,,第一遍完成,
C081,E,social,SOC-HYP-001,,,超扫描协作,Hyperscanning cooperation,dual-EEG; hyperscanning; inter-brain synchrony paradigm; two-person neuroscience,脑间同步,EEG; fNIRS,相关,2,并入 SOC-JA-001,D-021,5,1,2,,,,并入,
C152,E,social,SOC-JA-001,SOC-JA,1,联合动作,Joint action,coordinated tapping; interpersonal synchronization; joint action,mu 抑制; 脑间同步,EEG; fNIRS,相关,2,收录,D-021,3,1,0,,,,第一遍完成,
C084,E,social,SOC-PAIN-001,SOC-PAIN,2,疼痛共情,Empathy for pain,empathy for pain paradigm; pain empathy; vicarious pain,P3/LPP; 前岛叶 BOLD,EEG; fMRI,基础,2,收录,D-026,4,1,2,,,,第一遍完成,
C082,E,social,SOC-TOM-001,SOC-TOM,2,心理理论（错误信念）,Theory of mind (false belief),Sally-Anne Task; Sally-Anne task; Theory of Mind Task; ToM Task; ToM localizer; false belief vs false photograph; false-belief task,TPJ BOLD,fMRI,基础,2,收录,D-026,12,3,5,,https://www.hedtags.org/hed-task/tasks/hedtsk_false_belief.html,,第一遍完成,
C149,E,social,SOC-TRUST-001,SOC-TRUST,3,信任博弈与囚徒困境,Trust game / prisoner's dilemma,Investment Game; Iterated PD; Iterated Prisoner's Dilemma; PD; Prisoner's Dilemma; TG; Trust Game; investment game; prisoner's dilemma; public goods game (related); trust game,FRN; 纹状体 BOLD,EEG; fMRI; fNIRS,基础,2,收录,D-026,16,4,3,,https://www.hedtags.org/hed-task/tasks/hedtsk_prisoners_dilemma.html ; https://www.hedtags.org/hed-task/tasks/hedtsk_trust_game.html,,第一遍完成,
C085,E,social,SOC-UG-001,SOC-UG,1,最后通牒博弈,Ultimatum game,UG; Ultimatum Game; fairness paradigm; ultimatum bargaining,FRN (MFN),EEG; fMRI,基础,2,收录,D-026,7,2,2,,https://www.hedtags.org/hed-task/tasks/hedtsk_ultimatum_game.html,,第一遍完成,
C201,E,social,SOC-DICT-001,SOC-DICT,2,独裁者博弈,Dictator game,DG; Dictator Game,前额 BOLD,fMRI,基础,3,收录,D-026,5,3,0,,https://www.hedtags.org/hed-task/tasks/hedtsk_dictator_game.html,,第一遍完成,
C202,E,social,SOC-IAT-001,SOC-IAT,1,内隐联想测验,Implicit association test,IAT; Implicit Association; Implicit Association Test,N400; LPP,EEG; fMRI,基础,3,收录,D-026,7,3,1,,https://www.hedtags.org/hed-task/tasks/hedtsk_implicit_association.html,,第一遍完成,
C203,E,social,SOC-IMIT-001,SOC-IMIT,1,模仿抑制,Imitation inhibition,Action Observation Compatibility Task; Automatic Imitation; Automatic Imitation Task; Brass Imitation Task; Stimulus-Response Compatibility Imitation Task,mu 抑制; TPJ BOLD,EEG; fMRI,基础,3,收录,D-026,6,2,1,,https://www.hedtags.org/hed-task/tasks/hedtsk_imitation_inhibition.html,,第一遍完成,
C204,E,social,SOC-RME-001,SOC-RME,1,眼中读心,Reading the mind in the eyes,Baron-Cohen Eyes Task; Eyes Test; RMET; Reading the Mind in the Eyes Test,心理理论网络 BOLD,fMRI,基础,3,收录,D-026,6,3,2,,https://www.hedtags.org/hed-task/tasks/hedtsk_reading_the_mind_in_the_eyes.html,,第一遍完成,
C205,E,social,SOC-SELF-001,SOC-SELF,1,自我面孔识别,Self-face recognition,,N170; P300,EEG; fMRI,基础,3,收录,D-026,2,1,1,,,,第一遍完成,
C206,E,social,SOC-SID-001,,,社会激励延迟,Social incentive delay,SID; Social Incentive Delay,纹状体 BOLD,fMRI,基础,3,并入 EMO-MID-001,D-025,6,3,0,,https://www.hedtags.org/hed-task/tasks/hedtsk_social_incentive_delay.html,,并入,
C207,E,social,SOC-TPP-001,SOC-TPP,1,第三方惩罚,Third-party punishment,,前额 BOLD,fMRI,基础,3,收录,D-026,3,1,0,,,,第一遍完成,
C208,E,social,SOC-VPT-001,SOC-VPT,1,视觉观点采择,Visual perspective taking,,TPJ BOLD; α,EEG; fMRI,基础,3,收录,D-026,2,1,1,,,,第一遍完成,
C209,E,social,SOC-WIT-001,SOC-WIT,1,武器识别,Weapons identification task,Payne Task; Shooter Bias Task; Weapons Task,P2; N2,EEG,基础,3,收录,D-026,7,3,0,,https://www.hedtags.org/hed-task/tasks/hedtsk_weapons_identification.html,,第一遍完成,
C087,E,state,STA-DRV-001,STA-DRV,2,模拟驾驶与持续警觉,Simulated driving / sustained vigilance,driving simulator fatigue; lane-keeping drowsiness task; sustained-attention driving,α/θ 功率,EEG,核心,1,收录,D-026,3,1,1,Multi-channel EEG recordings during a sustained-attention driving task; Multi-channel EEG recordings during a sustained-attention driving task (figshare),,,第一遍完成,疲劳检测
C156,E,state,STA-HYB-001,,,混合 BCI（多范式组合）,Hybrid BCI,hBCI; hybrid BCI; multimodal BCI,多标记物组合,EEG; fNIRS; EOG,核心,1,暂缓,D-022,0,0,0,,,无文献线索，需补检索; 例会判定,暂缓,现有族中无对应，建议新增 hybrid 族（需判例）
C088,E,state,STA-MATB-001,STA-MATB,1,多任务认知负荷（MATB）,Multi-attribute task battery (MATB),MATB; MATB-II; OpenMATB; multi-attribute task battery,额中线 θ; 顶叶 α,EEG; fNIRS,核心,1,收录,D-026,3,2,1,COG-BCI database (Zenodo); Open multi-session and multi-task EEG cognitive Dataset for passive brain-computer Interface Applications,,,第一遍完成,
C086,E,state,STA-REST-001,STA-REST,2,静息态（睁眼/闭眼）,Resting state (eyes open / closed),Baseline Rest; EO/EC baseline; Rest Block; Resting State; Resting-State Recording; alpha blocking / Berger effect; resting-state,后部 α,EEG; MEG; fMRI; fNIRS,核心,1,收录,D-026,6,2,1,"A mind-brain-body dataset of MRI, EEG, cognition, emotion, and peripheral physiology in young and old adults; A resting-state EEG dataset for sleep deprivation; MPI LEMON (resting EEG + MRI)",https://www.hedtags.org/hed-task/tasks/hedtsk_rest.html,,第一遍完成,BCI 基线与校准
C153,E,state,STA-SCP-001,STA-SCP,2,慢皮层电位自我调节,Slow cortical potential self-regulation,SCP feedback; SCP-BCI; thought translation device (TTD),SCP,EEG,核心,1,收录,D-020,7,2,0,,,,第一遍完成,早期经典 BCI
C092,E,state,STA-ANES-001,STA-ANES,1,麻醉与意识水平,Anesthesia / level of consciousness,depth of anesthesia monitoring; loss/return of consciousness; propofol induction,慢波; 额区 α,EEG,基础,2,收录,D-026,6,1,1,,,,第一遍完成,
C155,E,state,STA-ENG-001,STA-ENG,1,投入度与视频学习,Engagement during video / learning,classroom EEG; inter-subject correlation (ISC); learning engagement; video engagement,被试间相关; α/θ,EEG; fNIRS,相关,2,收录,D-026,1,1,0,,,,第一遍完成,
C093,E,state,STA-MED-001,STA-MED,1,冥想,Meditation,focused-attention meditation; mindfulness meditation; open-monitoring meditation,α/θ 功率,EEG,基础,2,收录,D-026,3,1,0,,,,第一遍完成,
C154,E,state,STA-MW-001,STA-MW,2,走神（思维漫游）,Mind wandering / experience sampling,experience sampling; mind wandering; task-unrelated thought; thought probes,α; P3 衰减,EEG; fMRI,相关,2,收录,D-026,6,1,1,,,,第一遍完成,
C091,E,state,STA-NF-001,STA-NF,2,神经反馈训练,Neurofeedback training,EEG biofeedback; neurofeedback; real-time fMRI neurofeedback; rtfMRI-NF,被训练节律,EEG; fMRI; fNIRS,相关,2,收录,D-020,5,0,4,,,no origin source identified,阻塞,
C089,E,state,STA-PVT-001,STA-PVT,1,精神运动警觉任务,Psychomotor vigilance task (PVT),PVT; Psychomotor Vigilance; psychomotor vigilance test,α/θ 功率,EEG,相关,2,收录,D-026,9,2,1,,https://www.hedtags.org/hed-task/tasks/hedtsk_psychomotor_vigilance.html,,第一遍完成,
C090,E,state,STA-SLP-001,STA-SLP,2,睡眠分期,Sleep staging,AASM staging; polysomnography staging; sleep scoring,纺锤波; 慢波,EEG,相关,2,收录,D-026,4,1,2,Sleep-EDF (PhysioNet); Sleep-EDF Expanded; The Sleep-EDF Database [Expanded],,,第一遍完成,
C210,A,perception,PER-VMMN-001,PER-VMMN,1,视觉失匹配负波,Visual mismatch negativity,vMMN; visual oddball MMN,MK.vMMN,EEG; MEG,基础,3,收录,D-053,4,0,0,,,无源头文献（first_source = TBD）,阻塞,sprint 1 新候选（curator_a，curation/work/pkg_A/new_candidates.csv）
C211,A,perception,PER-MLR-001,PER-MLR,1,听觉中潜伏期反应,Auditory middle-latency response,MLR; AMLR; Na-Pa,MK.MLR,EEG; MEG,基础,3,收录,D-053,3,0,0,,,无源头文献（first_source = TBD）,阻塞,sprint 1 新候选（curator_a，curation/work/pkg_A/new_candidates.csv）
C212,A,perception,PER-ACC-001,PER-ACC,1,声学变化复合波,Acoustic change complex,ACC; acoustic change complex,MK.N1_auditory; MK.P2_auditory,EEG,基础,3,收录,D-053,1,0,0,,,无源头文献（first_source = TBD）,阻塞,sprint 1 新候选（curator_a，curation/work/pkg_A/new_candidates.csv）
C213,A,perception,PER-ORN-001,PER-ORN,1,失谐谐波与同时声音分离,Mistuned harmonic / concurrent sound segregation,mistuned harmonic paradigm; object-related negativity paradigm; concurrent sound segregation,MK.ORN,EEG; MEG,基础,3,收录,D-053,2,1,0,,,,第一遍完成,sprint 1 新候选（curator_a，curation/work/pkg_A/new_candidates.csv）
C214,A,perception,PER-STREAM-001,PER-STREAM,1,听觉流分离,Auditory stream segregation,auditory streaming; ABA triplet paradigm; stream segregation,MK.MMN,EEG; MEG,基础,3,收录,D-053,1,1,0,,,,第一遍完成,sprint 1 新候选（curator_a，curation/work/pkg_A/new_candidates.csv）
C215,A,perception,PER-GEP-001,PER-GEP,1,味觉诱发电位,Gustatory evoked potentials,GEP; gustatory ERP; taste evoked potentials,MK.GEP,EEG,基础,3,收录,D-053,3,0,0,,,无源头文献（first_source = TBD）,阻塞,sprint 1 新候选（curator_a，curation/work/pkg_A/new_candidates.csv）
C216,A,perception,PER-SPN-001,PER-SPN,1,视觉对称知觉,Visual symmetry perception,symmetry perception; sustained posterior negativity paradigm; SPN,MK.SPN,EEG,基础,3,收录,D-053,1,0,0,,,无源头文献（first_source = TBD）,阻塞,sprint 1 新候选（curator_a，curation/work/pkg_A/new_candidates.csv）
C217,A,perception,PER-IC-001,PER-IC,1,错觉轮廓知觉,Illusory contour perception,Kanizsa illusory contours; IC paradigm,MK.N1_visual,EEG,基础,3,收录,D-053,1,0,0,,,无源头文献（first_source = TBD）,阻塞,sprint 1 新候选（curator_a，curation/work/pkg_A/new_candidates.csv）
C218,A,perception,PER-ADDS-001,PER-ADDS,1,附加单例与干扰抑制,Additional singleton / distractor suppression,additional singleton paradigm; attentional capture; Pd paradigm,MK.Pd,EEG,相关,3,收录,D-053,1,0,0,,,无源头文献（first_source = TBD）,阻塞,sprint 1 新候选（curator_a，curation/work/pkg_A/new_candidates.csv）
C219,A,perception,PER-IB-001,PER-IB,1,非注意盲,Inattentional blindness,inattentional blindness; no-report paradigm,MK.VAN; MK.P3b,EEG,基础,3,收录,D-053,2,0,0,,,无源头文献（first_source = TBD）,阻塞,sprint 1 新候选（curator_a，curation/work/pkg_A/new_candidates.csv）
C220,A,perception,PER-CB-001,PER-CB,1,变化盲,Change blindness,change blindness; flicker paradigm,MK.VAN,EEG,基础,3,收录,D-053,1,0,0,,,无源头文献（first_source = TBD）,阻塞,sprint 1 新候选（curator_a，curation/work/pkg_A/new_candidates.csv）
C221,A,perception,PER-RREP-001,PER-RREP,1,呼吸相关诱发电位,Respiratory-related evoked potential,RREP; inspiratory occlusion paradigm,MK.RREP,EEG,基础,3,收录,D-053,2,0,0,,,无源头文献（first_source = TBD）,阻塞,sprint 1 新候选（curator_a，curation/work/pkg_A/new_candidates.csv）
C222,A,perception,PER-VOICE-001,PER-VOICE,1,嗓音知觉（颞叶嗓音区定位）,Voice perception (temporal voice areas localizer),voice localizer; temporal voice areas,MK.BOLD_auditory_cortex,fMRI,基础,3,收录,D-053,2,0,0,Human Voice Areas (Edinburgh Imaging image databank),,无源头文献（first_source = TBD）,阻塞,sprint 1 新候选（curator_a，curation/work/pkg_A/new_candidates.csv）
C223,A,perception,PER-BODY-001,PER-BODY,1,身体知觉,Body perception,body localizer; extrastriate body area localizer; EBA localizer,MK.BOLD_category_selective; MK.N170,fMRI; EEG,基础,3,收录,D-053,2,1,0,,,,第一遍完成,sprint 1 新候选（curator_a，curation/work/pkg_A/new_candidates.csv）
C224,A,steady_state,SSR-IM-001,SSR-IM,1,互调频率标记,Intermodulation frequency tagging,intermodulation; IM frequency tagging; part-whole frequency tagging,MK.intermodulation,EEG; MEG,相关,3,收录,D-053,1,1,0,,,,第一遍完成,sprint 1 新候选（curator_a，curation/work/pkg_A/new_candidates.csv）
C225,A,steady_state,SSR-NSSEP-001,SSR-NSSEP,1,伤害性稳态诱发电位,Nociceptive steady-state evoked potentials,nociceptive SS-EP; periodic thermal stimulation,MK.SSEP_nociceptive,EEG,基础,3,收录,D-053,2,1,0,,,,第一遍完成,sprint 1 新候选（curator_a，curation/work/pkg_A/new_candidates.csv）
C226,A,steady_state,SSR-FPAS-001,SSR-FPAS,1,快速周期听觉刺激,Fast periodic auditory stimulation,FPAS; auditory frequency-tagging oddball,MK.FPAS_oddball,EEG,相关,3,收录,D-053,2,1,0,,,,第一遍完成,sprint 1 新候选（curator_a，curation/work/pkg_A/new_candidates.csv）
C227,A,steady_state,SSR-RVS-001,SSR-RVS,1,节律性视觉刺激（α 夹带）,Rhythmic visual stimulation (alpha entrainment),rhythmic entrainment; alpha entrainment by flicker,MK.oscillatory_entrainment,EEG; MEG,相关,3,收录,D-053,1,0,0,,,无源头文献（first_source = TBD）；使用包 B 的 MK.oscillatory_entrainment，需通知包 B,阻塞,sprint 1 新候选（curator_a，curation/work/pkg_A/new_candidates.csv）
C228,B,motor,MOT-SMS-001,MOT-SMS,1,感觉运动同步（节拍器敲击）,Sensorimotor synchronization (metronome tapping),sensorimotor synchronization; synchronization-continuation tapping; syncopation/synchronization task; SMS,MK.SMR_ERD; MK.BOLD_motor_network,EEG; MEG; fMRI,基础,2,收录,D-053,2,1,0,,,,第一遍完成,sprint 1 新候选（curator_b，curation/work/pkg_B/new_candidates.csv）
C229,B,motor,MOT-PASS-001,MOT-PASS,1,被动运动（本体感觉刺激）,Passive movement / proprioceptive stimulation,passive movement; proprioceptive stimulation; corticokinematic coherence paradigm; CKC,MK.corticokinematic_coherence; MK.SMR_ERD,MEG; EEG,相关,2,收录,D-053,1,1,0,,,,第一遍完成,sprint 1 新候选（curator_b，curation/work/pkg_B/new_candidates.csv）
C230,B,motor,MOT-LIBET-001,MOT-LIBET,1,Libet 意图时刻判断任务,Libet intention-timing task,Libet task; W judgement; conscious intention timing; Libet clock task,MK.MRCP,EEG,基础,3,收录,D-053,1,1,0,,,,第一遍完成,sprint 1 新候选（curator_b，curation/work/pkg_B/new_candidates.csv）
C231,B,motor,MOT-PURS-001,MOT-PURS,1,平滑追踪眼动,Smooth pursuit eye movements,smooth pursuit; pursuit eye movements; ocular pursuit,MK.BOLD_oculomotor,fMRI; EEG,基础,3,收录,D-053,1,1,0,,,,第一遍完成,sprint 1 新候选（curator_b，curation/work/pkg_B/new_candidates.csv）
C232,B,motor,MOT-PERT-001,MOT-PERT,1,姿势平衡扰动,Balance perturbation,postural perturbation; perturbation-evoked potential; PEP; support-surface perturbation,MK.perturbation_N1,EEG,相关,2,收录,D-053,1,1,0,,,,第一遍完成,sprint 1 新候选（curator_b，curation/work/pkg_B/new_candidates.csv）
C233,B,motor,MOT-MVF-001,MOT-MVF,1,镜像视觉反馈,Mirror visual feedback,mirror therapy; mirror visual feedback; mirror box illusion; MVF,MK.SMR_ERD,EEG; fMRI,相关,3,收录,D-053,1,1,0,,,,第一遍完成,sprint 1 新候选（curator_b，curation/work/pkg_B/new_candidates.csv）
C234,B,imagery,IMG-TACT-001,IMG-TACT,1,触觉想象,Tactile imagery,tactile imagery; somatosensory imagery; imagined touch; imagined vibration,MK.SMR_ERD,EEG,核心,2,收录,D-053,1,1,0,,,,第一遍完成,sprint 1 新候选（curator_b，curation/work/pkg_B/new_candidates.csv）
C235,B,imagery,IMG-OLF-001,IMG-OLF,1,嗅觉想象,Olfactory imagery,odor imagery; odour mental imagery; olfactory mental imagery,MK.BOLD_olfactory_cortex,fMRI,基础,3,收录,D-053,2,1,0,,,,第一遍完成,sprint 1 新候选（curator_b，curation/work/pkg_B/new_candidates.csv）
C236,B,stimulation,STM-TMSFMRI-001,STM-TMSFMRI,1,TMS 与功能磁共振同步,Concurrent TMS-fMRI,concurrent TMS-fMRI; interleaved TMS-fMRI; TMS-BOLD,MK.BOLD_stimulated_region,fMRI,基础,2,收录,D-053,1,1,0,,,,第一遍完成,sprint 1 新候选（curator_b，curation/work/pkg_B/new_candidates.csv）
C237,B,stimulation,STM-TAVNS-001,STM-TAVNS,1,经皮耳迷走神经刺激,Transcutaneous auricular vagus nerve stimulation,taVNS; tVNS; transcutaneous vagus nerve stimulation,MK.P3b,EEG; fMRI,基础,2,收录,D-053,1,1,0,,,,第一遍完成,sprint 1 新候选（curator_b，curation/work/pkg_B/new_candidates.csv）
C238,B,stimulation,STM-ADBS-001,STM-ADBS,1,自适应（闭环）深部脑刺激,Adaptive (closed-loop) deep brain stimulation,adaptive DBS; aDBS; closed-loop DBS; beta-triggered DBS,MK.subthalamic_beta,other,核心,2,收录,D-053,1,1,0,,,,第一遍完成,sprint 1 新候选（curator_b，curation/work/pkg_B/new_candidates.csv）
C239,B,stimulation,STM-TI-001,STM-TI,1,时间干涉电刺激,Temporal interference stimulation,temporal interference; TI stimulation; tTIS,MK.BOLD_stimulated_region,fMRI,基础,3,收录,D-053,1,1,0,,,,第一遍完成,sprint 1 新候选（curator_b，curation/work/pkg_B/new_candidates.csv）
C240,B,stimulation,STM-VIB-001,STM-VIB,1,肌腱振动运动错觉,Tendon vibration kinesthetic illusion,tendon vibration; kinesthetic illusion; vibration-induced illusory movement,MK.BOLD_motor_network,fMRI; EEG,基础,3,收录,D-053,1,1,0,,,,第一遍完成,sprint 1 新候选（curator_b，curation/work/pkg_B/new_candidates.csv）
C241,B,stimulation,STM-CLAS-001,,,睡眠慢振荡闭环听觉刺激,Closed-loop auditory stimulation of sleep slow oscillations,closed-loop acoustic stimulation; CLAS; phase-locked auditory stimulation; acoustic slow-wave enhancement,MK.slow_wave; MK.sleep_spindle,EEG,相关,2,并入 STA-CLAS-001,D-034,0,0,0,,,,并入,sprint 1 新候选（curator_b，curation/work/pkg_B/new_candidates.csv）；STA-CLAS-001 的变体，ID 作废不复用
C242,B,stimulation,STM-GVS-001,STM-GVS,1,直流电前庭刺激,Galvanic vestibular stimulation,GVS; galvanic vestibular stimulation; vestibular electrical stimulation,MK.BOLD_vestibular_cortex,fMRI; EEG,基础,3,收录,D-053,1,1,0,,,,第一遍完成,sprint 1 新候选（curator_b，curation/work/pkg_B/new_candidates.csv）
C243,B,stimulation,STM-PHTMS-001,STM-PHTMS,1,脑电相位触发 TMS,EEG phase-triggered TMS,brain-state-dependent TMS; real-time EEG-triggered TMS; mu-phase-triggered TMS; closed-loop TMS,MK.SMR_ERD,EEG,相关,2,收录,D-053,1,1,0,,,,第一遍完成,sprint 1 新候选（curator_b，curation/work/pkg_B/new_candidates.csv）
C244,B,stimulation,STM-PBM-001,STM-PBM,1,经颅光生物调节同步脑电,Transcranial photobiomodulation with EEG,tPBM; transcranial photobiomodulation; transcranial near-infrared laser stimulation,MK.alpha_posterior,EEG,基础,3,收录,D-046,2,1,0,,,first_source 只有题名、期刊与 DOI；作者与年份未见（D-046）,阻塞,sprint 1 新候选（curator_b，curation/work/pkg_B/new_candidates.csv）
C245,C,error,ERR-CHGPT-001,ERR-CHGPT,2,预测推断（变点）任务,Predictive inference (change-point) task,Helicopter task; Cannon task; Change-point task; Predictive inference task,MK.P3b,EEG,基础,3,收录,D-053,2,1,0,"Nassar, Bruckner & Frank 2019 behavioural and EEG data (Dryad)",,,第一遍完成,sprint 1 新候选（curator_c，curation/work/pkg_C/new_candidates.csv）
C246,C,error,ERR-PRT-001,ERR-PRT,1,概率奖赏任务（信号检测）,Probabilistic reward task,PRT; Pizzagalli reward task; Signal-detection reward task,MK.FRN,EEG; fMRI,基础,3,收录,D-053,2,1,0,,,,第一遍完成,sprint 1 新候选（curator_c，curation/work/pkg_C/new_candidates.csv）
C247,C,error,ERR-OGNG-001,ERR-OGNG,1,正交化 Go/NoGo 学习任务,Orthogonalized Go/NoGo learning task,Go/NoGo learning task; Pavlovian bias task; Go-to-win / NoGo-to-avoid task,MK.frontal_midline_theta,EEG,基础,3,收录,D-053,2,1,0,,,,第一遍完成,sprint 1 新候选（curator_c，curation/work/pkg_C/new_candidates.csv）
C248,C,error,ERR-APC-001,ERR-APC,1,食欲性巴甫洛夫条件化（时间差分预测误差）,Appetitive Pavlovian conditioning (reward prediction error),Appetitive classical conditioning; Reward conditioning; TD prediction-error paradigm,MK.BOLD_striatum_reward,fMRI,基础,3,收录,D-053,1,1,0,,,,第一遍完成,sprint 1 新候选（curator_c，curation/work/pkg_C/new_candidates.csv）
C249,C,error,ERR-VRPE-001,ERR-VRPE,1,虚拟现实视觉–触觉失配（预测误差负波）,Visuo-haptic mismatch in virtual reality,Prediction error negativity paradigm; PEN paradigm; VR haptic mismatch task,MK.ErrP,EEG,核心,2,收录,D-053,2,1,0,"Visuo-haptic prediction errors (EEG, motion), BIDS",,,第一遍完成,sprint 1 新候选（curator_c，curation/work/pkg_C/new_candidates.csv）
C250,C,error,ERR-AAF-001,ERR-AAF,1,音高偏移听觉反馈（言语运动误差）,Pitch-shifted auditory feedback during vocalization,Altered auditory feedback; AAF; Pitch-shift paradigm; Pitch perturbation,MK.N1_auditory; MK.P2_auditory,EEG,基础,3,收录,D-053,1,0,0,,,origin source not identified (first_source TBD); only lead is a 2016 study,阻塞,sprint 1 新候选（curator_c，curation/work/pkg_C/new_candidates.csv）
C251,C,control,CTL-MSIT-001,CTL-MSIT,1,多源干扰任务,Multi-source interference task (MSIT),MSIT; Multi-Source Interference Task,MK.BOLD_dACC,fMRI,基础,2,收录,D-053,1,1,0,,,,第一遍完成,sprint 1 新候选（curator_c，curation/work/pkg_C/new_candidates.csv）
C252,C,control,CTL-MRP-001,CTL-MRP,1,掩蔽反应启动,Masked response priming,Masked priming; Negative compatibility effect paradigm; Subliminal response priming,MK.LRP,EEG,基础,3,收录,D-053,1,1,0,,,,第一遍完成,sprint 1 新候选（curator_c，curation/work/pkg_C/new_candidates.csv）
C253,C,control,CTL-CONF-001,CTL-CONF,1,决策信心判断（知觉元认知）,Decision confidence judgement (perceptual metacognition),Confidence rating task; Perceptual metacognition task; Post-decision confidence,MK.Pe,EEG,相关,2,收录,D-053,1,1,0,,,,第一遍完成,sprint 1 新候选（curator_c，curation/work/pkg_C/new_candidates.csv）
C254,C,control,CTL-MIXG-001,CTL-MIXG,1,混合赌局（损失厌恶）,Mixed gambles (loss aversion) task,Mixed-gambles task; Loss aversion task; Accept/reject gamble task,MK.BOLD_striatum_reward; MK.BOLD_vmPFC_value,fMRI,基础,3,收录,D-053,1,1,0,Mixed-gambles task (OpenfMRI),,,第一遍完成,sprint 1 新候选（curator_c，curation/work/pkg_C/new_candidates.csv）
C255,C,control,CTL-FORAGE-001,CTL-FORAGE,1,觅食决策（留守/探索）,Foraging decision task,Patch foraging task; Engage-or-search task; Foraging task,MK.BOLD_dACC,fMRI,基础,3,收录,D-053,1,1,0,,,,第一遍完成,sprint 1 新候选（curator_c，curation/work/pkg_C/new_candidates.csv）
C256,C,control,CTL-VBC-001,CTL-VBC,1,基于价值的选择（支付意愿）,Value-based choice (willingness to pay),Willingness-to-pay task; Food choice task; Becker-DeGroot-Marschak auction,MK.BOLD_vmPFC_value,fMRI,基础,3,收录,D-053,1,1,0,,,,第一遍完成,sprint 1 新候选（curator_c，curation/work/pkg_C/new_candidates.csv）
C257,C,control,CTL-RNG-001,CTL-RNG,1,随机数生成,Random number generation,RNG; Random generation task; Random letter generation,MK.BOLD_dlPFC,PET,基础,3,收录,D-053,2,1,0,,,D-050 解除阻塞（PET 归入 MK.BOLD_dlPFC）,第一遍完成,sprint 1 新候选（curator_c，curation/work/pkg_C/new_candidates.csv）
C258,C,control,CTL-ANAL-001,CTL-ANAL,1,类比推理,Analogical reasoning,Verbal analogy task; A:B::C:D analogy task; Semantic analogy task,MK.BOLD_frontopolar,fMRI,基础,3,收录,D-053,1,1,0,,,,第一遍完成,sprint 1 新候选（curator_c，curation/work/pkg_C/new_candidates.csv）
C259,C,control,CTL-AUT-001,CTL-AUT,1,替代用途任务（发散思维）,Alternative uses task (divergent thinking),AUT; Alternate uses task; Unusual uses test; Divergent thinking task,MK.alpha_posterior,EEG; fMRI,基础,3,收录,D-053,3,1,0,,,,第一遍完成,sprint 1 新候选（curator_c，curation/work/pkg_C/new_candidates.csv）
C260,C,control,CTL-AMBIG-001,CTL-AMBIG,1,风险与模糊决策,Decision under risk versus ambiguity,Ellsberg paradigm; Ambiguity aversion task; Risk and ambiguity task,MK.BOLD_amygdala; MK.BOLD_striatum_reward,fMRI,基础,3,收录,D-053,1,1,0,,,,第一遍完成,sprint 1 新候选（curator_c，curation/work/pkg_C/new_candidates.csv）
C261,C,control,CTL-SYLL-001,CTL-SYLL,1,三段论推理,Syllogistic (deductive) reasoning,Syllogism task; Deductive reasoning task; Belief-bias syllogisms,MK.BOLD_frontoparietal,fMRI,基础,3,收录,D-053,2,1,0,,,,第一遍完成,sprint 1 新候选（curator_c，curation/work/pkg_C/new_candidates.csv）
C262,D,memory,MEM-RIF-001,MEM-RIF,1,提取诱发遗忘,Retrieval-induced forgetting,RIF; retrieval-practice paradigm,MK.BOLD_category_selective,fMRI; EEG,基础,3,收录,D-053,3,1,0,,,,第一遍完成,sprint 1 新候选（curator_d，curation/work/pkg_D/new_candidates.csv）
C263,D,memory,MEM-RPT-001,MEM-RPT,1,近期探测任务（前摄干扰）,Recent-probes task,recent negative probes; item-recognition with recent probes; proactive interference in working memory,MK.BOLD_left_IFG,fMRI,基础,3,收录,D-053,1,0,0,,,first_source TBD: no origin paper in leads or search,阻塞,sprint 1 新候选（curator_d，curation/work/pkg_D/new_candidates.csv）
C264,D,memory,MEM-CIT-001,MEM-CIT,2,隐匿信息测试（P300）,Concealed information test (P300-based),CIT; guilty knowledge test; P300-based concealed information test; memory detection,MK.P3b,EEG,相关,2,收录,D-035,2,1,0,,,,第一遍完成,sprint 1 新候选（curator_d，curation/work/pkg_D/new_candidates.csv）
C265,D,memory,MEM-EFT-001,MEM-EFT,1,情景未来思维,Episodic future thinking,EFT; future event simulation; past-future event construction,MK.BOLD_hippocampus; MK.BOLD_mPFC,fMRI,基础,3,收录,D-053,2,1,0,,,,第一遍完成,sprint 1 新候选（curator_d，curation/work/pkg_D/new_candidates.csv）
C266,D,memory,MEM-RMEM-001,MEM-RMEM,1,奖赏驱动的记忆编码,Reward-motivated memory encoding,reward-motivated memory; high/low reward encoding; value-directed remembering,MK.BOLD_striatum_reward; MK.BOLD_hippocampus,fMRI,基础,3,收录,D-053,2,0,0,,,first_source TBD: no origin paper in leads or search,阻塞,sprint 1 新候选（curator_d，curation/work/pkg_D/new_candidates.csv）
C267,D,memory,MEM-RPRIM-001,MEM-RPRIM,1,重复启动（内隐记忆）,Repetition priming,repetition suppression; fMRI adaptation (memory); word repetition effect; implicit memory priming,MK.BOLD_category_selective; MK.N400,fMRI; EEG,基础,3,收录,D-053,3,0,0,,,first_source TBD: no origin paper in leads or search,阻塞,sprint 1 新候选（curator_d，curation/work/pkg_D/new_candidates.csv）
C268,D,language,LAN-SWITCH-001,LAN-SWITCH,2,双语语言切换,Bilingual language switching,language switching; cued language switching; mixed-language picture naming,MK.N2_frontocentral,EEG; fMRI,基础,3,收录,D-053,2,0,0,,,first_source TBD: no origin paper in leads or search,阻塞,sprint 1 新候选（curator_d，curation/work/pkg_D/new_candidates.csv）
C269,D,language,LAN-CPS-001,LAN-CPS,2,韵律边界加工,Prosodic boundary processing (closure positive shift),CPS paradigm; intonational phrase boundary; prosodic phrasing,MK.CPS,EEG,基础,3,收录,D-053,2,1,0,,,,第一遍完成,sprint 1 新候选（curator_d，curation/work/pkg_D/new_candidates.csv）
C270,D,language,LAN-VWFA-001,LAN-VWFA,1,视觉词形加工（字词定位）,Visual word form processing,VWFA localizer; words vs consonant strings; print tuning; orthographic localizer,MK.BOLD_category_selective; MK.N170,fMRI; EEG,基础,3,收录,D-053,2,1,0,,,,第一遍完成,sprint 1 新候选（curator_d，curation/work/pkg_D/new_candidates.csv）
C271,D,language,LAN-SL-001,LAN-SL,1,统计学习（言语切分）,Statistical learning of speech streams,statistical word segmentation; triplet stream learning; auditory statistical learning,MK.linguistic_structure_tracking,EEG; MEG,基础,3,收录,D-053,2,1,0,,,,第一遍完成,sprint 1 新候选（curator_d，curation/work/pkg_D/new_candidates.csv）
C272,D,language,LAN-GEST-001,LAN-GEST,1,言语—手势整合,Speech-gesture integration,co-speech gesture; iconic gesture comprehension; gesture-speech mismatch,MK.N400,EEG,基础,3,收录,D-053,2,0,0,,,first_source TBD: no origin paper in leads or search,阻塞,sprint 1 新候选（curator_d，curation/work/pkg_D/new_candidates.csv）
C273,D,language,LAN-NWL-001,LAN-NWL,1,新词学习,Novel word learning,word learning from context; fast mapping; pseudoword meaning acquisition,MK.N400,EEG,基础,3,收录,D-053,2,0,0,,,first_source TBD: no origin paper in leads or search,阻塞,sprint 1 新候选（curator_d，curation/work/pkg_D/new_candidates.csv）
C274,D,language,LAN-SIS-001,LAN-SIS,2,言语诱发抑制与听觉反馈,Speaking-induced suppression / altered auditory feedback,speaking-induced suppression; SIS; altered auditory feedback; speak vs listen; pitch perturbation,MK.N1_auditory; MK.high_gamma,MEG; EEG; ECoG,相关,2,收录,D-053,2,1,0,,,,第一遍完成,sprint 1 新候选（curator_d，curation/work/pkg_D/new_candidates.csv）
C275,D,language,LAN-SEMD-001,LAN-SEMD,1,语义判断任务（语言定位）,Semantic decision task,semantic decision vs tone decision; animal semantic decision; semantic categorization,MK.BOLD_language_network,fMRI,基础,3,收录,D-053,2,1,0,,,,第一遍完成,sprint 1 新候选（curator_d，curation/work/pkg_D/new_candidates.csv）
C276,D,language,LAN-PCAT-001,LAN-PCAT,1,音位范畴化,Phoneme categorization,categorical speech perception; speech continuum identification; phonetic categorization,MK.high_gamma,ECoG; EEG; fMRI,相关,3,收录,D-053,5,1,1,,,,第一遍完成,sprint 1 新候选（curator_d，curation/work/pkg_D/new_candidates.csv）
C277,D,memory,MEM-DE-001,,,延迟估计（连续报告）,Delayed estimation (continuous report),continuous report; delayed estimation; mixture-model WM task,MK.CDA; MK.alpha_posterior,EEG,基础,3,并入 MEM-CD-001,D-044,0,0,0,,,,并入,sprint 1 新候选（curator_d，curation/work/pkg_D/new_candidates.csv）；MEM-CD-001 的变体，ID 作废不复用
C278,D,language,LAN-SIGN-001,,,手语句子理解,Sign language sentence comprehension,sign language comprehension; ASL sentence processing,MK.BOLD_language_network,fMRI,基础,3,并入 LAN-SC-001,D-044,0,0,0,,,,并入,sprint 1 新候选（curator_d，curation/work/pkg_D/new_candidates.csv）；LAN-SC-001 的变体，ID 作废不复用
C279,E,emotion,EMO-WORD-001,EMO-WORD,1,情绪词阅读,Emotional word reading,emotional words; emotional word processing,MK.EPN; MK.LPP,EEG; MEG,基础,2,收录,D-053,1,1,0,,,,第一遍完成,sprint 1 新候选（curator_e，curation/work/pkg_E/new_candidates.csv）
C280,E,emotion,EMO-THREAT-001,EMO-THREAT,1,电击威胁预期,Threat-of-shock anticipation,threat of shock; NPU-threat; anticipatory anxiety paradigm; instructed threat,MK.BOLD_amygdala; MK.BOLD_anterior_insula,fMRI,基础,2,收录,D-053,1,1,0,,,,第一遍完成,sprint 1 新候选（curator_e，curation/work/pkg_E/new_candidates.csv）
C281,E,emotion,EMO-TOUCH-001,EMO-TOUCH,1,情感触觉（C 触觉纤维最适触摸）,Affective (CT-optimal) touch,affective touch; pleasant touch; CT-afferent touch; gentle stroking,MK.BOLD_posterior_insula,fMRI,基础,3,收录,D-053,1,1,0,,,,第一遍完成,sprint 1 新候选（curator_e，curation/work/pkg_E/new_candidates.csv）
C282,E,emotion,EMO-HUMOR-001,EMO-HUMOR,1,幽默欣赏,Humor appreciation,humor appreciation; funny cartoons paradigm; joke comprehension,MK.BOLD_striatum_reward,fMRI,基础,3,收录,D-053,1,1,0,,,,第一遍完成,sprint 1 新候选（curator_e，curation/work/pkg_E/new_candidates.csv）
C283,E,social,SOC-NAME-001,SOC-NAME,2,自我名字范式,Own-name paradigm,subject's own name (SON) paradigm; own name P300; self-name oddball,MK.P3b,EEG,基础,2,收录,D-053,2,1,0,,,,第一遍完成,sprint 1 新候选（curator_e，curation/work/pkg_E/new_candidates.csv）
C284,E,social,SOC-CIT-001,,,隐匿信息测验（基于 P300）,Concealed information test (P300-based),guilty knowledge test; P300-based CIT; brain fingerprinting; ERP lie detection,MK.P3b,EEG,基础,2,并入 MEM-CIT-001,D-035,0,0,0,,,,并入,sprint 1 新候选（curator_e，curation/work/pkg_E/new_candidates.csv）；MEM-CIT-001 的变体，ID 作废不复用
C285,E,social,SOC-MORAL-001,SOC-MORAL,1,道德两难判断,Moral dilemma judgment,moral dilemmas; trolley problem paradigm; personal vs impersonal dilemmas,MK.BOLD_mPFC,fMRI,基础,2,收录,D-053,1,1,0,,,,第一遍完成,sprint 1 新候选（curator_e，curation/work/pkg_E/new_candidates.csv）
C286,E,social,SOC-CONF-001,SOC-CONF,1,社会从众,Social conformity,social conformity paradigm; group opinion conflict; Asch-type conformity,MK.BOLD_striatum_reward; MK.BOLD_dACC,fMRI; EEG,基础,3,收录,D-053,1,1,0,,,,第一遍完成,sprint 1 新候选（curator_e，curation/work/pkg_E/new_candidates.csv）
C287,E,social,SOC-SFB-001,SOC-SFB,1,社会评价反馈（社会判断范式）,Social evaluative feedback (social judgment paradigm),social judgment paradigm; social feedback task; peer evaluation paradigm,MK.BOLD_dACC,fMRI,基础,3,收录,D-053,1,1,0,,,,第一遍完成,sprint 1 新候选（curator_e，curation/work/pkg_E/new_candidates.csv）
C288,E,social,SOC-ANIM-001,SOC-ANIM,1,几何图形动画心智化（Frith-Happé 动画）,Animated shapes mentalizing (Frith-Happé animations),Frith-Happé animations; Heider-Simmel animations; animated triangles task,MK.BOLD_TPJ; MK.BOLD_mPFC,PET; fMRI,基础,2,收录,D-053,2,1,0,,,,第一遍完成,sprint 1 新候选（curator_e，curation/work/pkg_E/new_candidates.csv）
C289,E,social,SOC-RACE-001,SOC-RACE,1,种族与群体身份面孔分类,Race and group-membership face categorization,race categorization; ingroup/outgroup faces; other-race face processing,MK.P2_visual,EEG,基础,3,收录,D-053,1,1,0,,,,第一遍完成,sprint 1 新候选（curator_e，curation/work/pkg_E/new_candidates.csv）
C290,E,social,SOC-EYE-001,SOC-EYE,1,真人双向目光接触,Live eye-to-eye contact,mutual gaze; live eye contact; eye-to-eye contact hyperscanning,MK.interbrain_synchrony,fNIRS,基础,3,收录,D-053,1,1,0,,,,第一遍完成,sprint 1 新候选（curator_e，curation/work/pkg_E/new_candidates.csv）
C291,E,state,STA-CLAS-001,STA-CLAS,1,睡眠慢振荡闭环听觉刺激,Closed-loop auditory stimulation of sleep slow oscillations,closed-loop acoustic stimulation; CLAS; phase-locked auditory stimulation in sleep; pink-noise slow-wave enhancement,MK.slow_wave; MK.sleep_spindle,EEG,基础,2,收录,D-034,1,1,0,,,,第一遍完成,sprint 1 新候选（curator_e，curation/work/pkg_E/new_candidates.csv）
C292,E,state,STA-DREAM-001,STA-DREAM,1,系列唤醒梦境报告范式,Serial awakening dream report paradigm,serial awakening paradigm; dream reports; no-report vs report of dreaming,MK.slow_wave,EEG,基础,3,收录,D-053,1,1,0,,,,第一遍完成,sprint 1 新候选（curator_e，curation/work/pkg_E/new_candidates.csv）
C293,E,state,STA-PSY-001,STA-PSY,1,致幻剂药物状态,Psychedelic drug state,psychedelic state; LSD / psilocybin neuroimaging; pharmacological altered state,MK.alpha_posterior; MK.DMN_connectivity,fMRI; MEG,基础,3,收录,D-045,1,1,0,,,,第一遍完成,sprint 1 新候选（curator_e，curation/work/pkg_E/new_candidates.csv）
C294,E,state,STA-HYPN-001,STA-HYPN,1,催眠诱导,Hypnotic induction,hypnosis; hypnotic state; hypnotic induction,MK.BOLD_dACC; MK.DMN_connectivity,fMRI; EEG,基础,3,收录,D-053,1,1,0,,,,第一遍完成,sprint 1 新候选（curator_e，curation/work/pkg_E/new_candidates.csv）
