proposed_id,ref_id,role,found_via
CTL-ANT-001,R0234,first_source_candidate;key_reference,hed_catalog;web_search
CTL-ANT-001,R0329,key_reference;method,hed_catalog;web_search
CTL-ANT-001,R0456,further_reference;review,hed_catalog;web_search
CTL-ANT-001,R0476,further_reference,hed_catalog
CTL-ANT-001,R0557,key_reference;review,hed_catalog;web_search
CTL-ANT-001,R0801,further_reference,hed_catalog
CTL-AS-001,R0045,first_source_candidate;key_reference,hed_catalog;web_search
CTL-AS-001,R0171,review,hed_catalog
CTL-AS-001,R0246,further_reference,hed_catalog
CTL-AS-001,R0278,key_reference;review,hed_catalog;web_search
CTL-AS-001,R0313,further_reference,hed_catalog
CTL-AS-001,R0355,review,web_search
CTL-AS-001,R0566,further_reference;method,hed_catalog;web_search
CTL-BART-001,R0224,first_source_candidate;key_reference,hed_catalog
CTL-BART-001,R0305,further_reference,hed_catalog
CTL-BART-001,R0318,further_reference,hed_catalog
CTL-BART-001,R0400,further_reference,hed_catalog
CTL-BART-001,R0411,key_reference,hed_catalog
CTL-BART-001,R0509,key_reference,hed_catalog
CTL-CNV-001,R0010,first_source_candidate,web_search
CTL-CNV-001,R0026,review,web_search
CTL-CPT-001,R0003,first_source_candidate;key_reference,hed_catalog;web_search
CTL-CPT-001,R0063,key_reference,hed_catalog
CTL-CPT-001,R0158,key_reference;method,hed_catalog;web_search
CTL-CPT-001,R0538,review,web_search
CTL-CPT-001,R0575,further_reference,hed_catalog
CTL-CPT-001,R0715,further_reference;review,hed_catalog;web_search
CTL-CPT-001,R0726,further_reference,hed_catalog
CTL-DD-001,R0288,first_source_candidate;key_reference,hed_catalog;web_search
CTL-DD-001,R0385,first_source_candidate;key_reference,hed_catalog;web_search
CTL-DD-001,R0518,further_reference;review,hed_catalog;web_search
CTL-DD-001,R0621,further_reference;review,hed_catalog;web_search
CTL-DD-001,R0629,further_reference,hed_catalog
CTL-DSST-001,R0271,review,hed_catalog
CTL-DSST-001,R0304,further_reference,hed_catalog
CTL-DSST-001,R0425,further_reference,hed_catalog
CTL-DSST-001,R0716,further_reference,hed_catalog
CTL-DT-001,R0113,key_reference;review,hed_catalog;web_search
CTL-DT-001,R0159,key_reference,hed_catalog
CTL-DT-001,R0243,further_reference;method,hed_catalog;web_search
CTL-DT-001,R0397,further_reference;method,hed_catalog;web_search
CTL-DT-001,R0627,further_reference,hed_catalog
CTL-DT-001,R0805,further_reference,hed_catalog
CTL-EFF-001,R0437,key_reference,hed_catalog
CTL-EFF-001,R0451,first_source_candidate;key_reference,hed_catalog
CTL-EFF-001,R0639,key_reference,hed_catalog
CTL-EFF-001,R0641,further_reference,hed_catalog
CTL-EFF-001,R0642,further_reference,hed_catalog
CTL-EFF-001,R0744,further_reference,hed_catalog
CTL-EFF-001,R0809,review,hed_catalog
CTL-FLK-001,R0030,first_source_candidate;key_reference,hed_catalog;web_search
CTL-FLK-001,R0103,method,web_search
CTL-FLK-001,R0204,key_reference;review,hed_catalog;web_search
CTL-FLK-001,R0302,key_reference,hed_catalog
CTL-FLK-001,R0427,further_reference,hed_catalog
CTL-FLK-001,R0638,further_reference,hed_catalog
CTL-FLK-001,R0749,further_reference,hed_catalog
CTL-FLK-001,R0763,further_reference,hed_catalog
CTL-FLK-001,R1094,review,web_search
CTL-GNG-001,R0019,first_source_candidate;key_reference,hed_catalog;web_search
CTL-GNG-001,R0180,key_reference;method,hed_catalog;web_search
CTL-GNG-001,R0408,review,web_search
CTL-GNG-001,R0494,review,hed_catalog
CTL-GNG-001,R0573,further_reference,hed_catalog
CTL-GNG-001,R0700,further_reference,hed_catalog
CTL-GNG-001,R0747,further_reference;review,hed_catalog;web_search
CTL-GNG-001,R0898,method,web_search
CTL-GNG-001,R0915,review,web_search
CTL-IGT-001,R0116,first_source_candidate;key_reference,hed_catalog;web_search
CTL-IGT-001,R0144,key_reference;method,hed_catalog;web_search
CTL-IGT-001,R0399,further_reference,hed_catalog
CTL-IGT-001,R0430,further_reference;review,hed_catalog;web_search
CTL-IGT-001,R0485,key_reference;method,hed_catalog;web_search
CTL-IGT-001,R0583,further_reference,hed_catalog
CTL-IGT-001,R0750,further_reference,hed_catalog
CTL-IGT-001,R0825,further_reference;review,hed_catalog;web_search
CTL-PDM-001,R0102,first_source_candidate;key_reference,hed_catalog;web_search
CTL-PDM-001,R0208,key_reference,hed_catalog
CTL-PDM-001,R0384,key_reference;review,hed_catalog;web_search
CTL-PDM-001,R0675,further_reference;review,hed_catalog;web_search
CTL-PDM-001,R0732,further_reference,hed_catalog
CTL-PDM-001,R0736,further_reference;method,hed_catalog;web_search
CTL-PDM-001,R0761,further_reference,hed_catalog
CTL-RAT-001,R0008,first_source_candidate;key_reference,hed_catalog
CTL-RAT-001,R0245,key_reference,hed_catalog
CTL-RAT-001,R0283,key_reference,hed_catalog
CTL-RAT-001,R0622,further_reference,hed_catalog
CTL-RAT-001,R0626,further_reference,hed_catalog
CTL-RAT-001,R0669,further_reference,hed_catalog
CTL-RAT-001,R0679,further_reference,hed_catalog
CTL-RAVEN-001,R0095,key_reference,hed_catalog
CTL-RAVEN-001,R0149,further_reference,hed_catalog
CTL-RAVEN-001,R0257,key_reference,hed_catalog
CTL-RAVEN-001,R0475,further_reference,hed_catalog
CTL-RAVEN-001,R0640,further_reference,hed_catalog
CTL-RAVEN-001,R0671,further_reference,hed_catalog
CTL-SART-001,R0139,first_source_candidate;key_reference,hed_catalog;web_search
CTL-SART-001,R0184,key_reference,hed_catalog
CTL-SART-001,R0290,key_reference,hed_catalog
CTL-SART-001,R0356,key_reference,hed_catalog
CTL-SART-001,R0372,further_reference;method,hed_catalog;web_search
CTL-SART-001,R0429,further_reference,hed_catalog
CTL-SART-001,R0592,further_reference,hed_catalog
CTL-SART-001,R0617,further_reference,hed_catalog
CTL-SART-001,R0681,further_reference,hed_catalog
CTL-SART-001,R0715,further_reference;review,hed_catalog;web_search
CTL-SIM-001,R0016,first_source_candidate;key_reference,hed_catalog;web_search
CTL-SIM-001,R0091,key_reference;method,hed_catalog;web_search
CTL-SIM-001,R0112,key_reference,hed_catalog
CTL-SIM-001,R0309,further_reference,hed_catalog
CTL-SIM-001,R0514,further_reference,hed_catalog
CTL-SIM-001,R0516,further_reference;review,hed_catalog;web_search
CTL-SIM-001,R0717,further_reference;review,hed_catalog;web_search
CTL-SST-001,R0067,first_source_candidate;key_reference,hed_catalog
CTL-SST-001,R0337,key_reference,hed_catalog
CTL-SST-001,R0418,key_reference,hed_catalog
CTL-SST-001,R0756,further_reference;review,hed_catalog;web_search
CTL-SST-001,R0759,further_reference,hed_catalog
CTL-SST-001,R0779,further_reference,hed_catalog
CTL-SST-001,R0804,further_reference,hed_catalog
CTL-SST-001,R0915,review,web_search
CTL-SST-001,R1018,method,web_search
CTL-SST-001,R1019,method,web_search
CTL-STR-001,R0002,first_source_candidate;key_reference,hed_catalog;web_search
CTL-STR-001,R0096,review,web_search
CTL-STR-001,R0303,key_reference;method,hed_catalog;web_search
CTL-STR-001,R0317,review,hed_catalog
CTL-STR-001,R0601,further_reference,hed_catalog
CTL-STR-001,R0777,further_reference,hed_catalog
CTL-STR-001,R0821,review,web_search
CTL-SW-001,R0121,first_source_candidate;key_reference,hed_catalog;web_search
CTL-SW-001,R0258,key_reference;method,hed_catalog;web_search
CTL-SW-001,R0261,key_reference;review,hed_catalog;web_search
CTL-SW-001,R0459,review,web_search
CTL-SW-001,R0484,further_reference,hed_catalog
CTL-SW-001,R0608,further_reference,hed_catalog
CTL-SW-001,R0739,further_reference,hed_catalog
CTL-TMT-001,R0005,key_reference,hed_catalog
CTL-TMT-001,R0336,key_reference,hed_catalog
CTL-TMT-001,R0431,further_reference,hed_catalog
CTL-TMT-001,R0450,further_reference,hed_catalog
CTL-TMT-001,R0526,further_reference,hed_catalog
CTL-TOL-001,R0057,first_source_candidate;key_reference,hed_catalog;web_search
CTL-TOL-001,R0136,key_reference;method,hed_catalog;web_search
CTL-TOL-001,R0251,further_reference,hed_catalog
CTL-TOL-001,R0287,further_reference,hed_catalog
CTL-TOL-001,R0348,key_reference;review,hed_catalog;web_search
CTL-TOL-001,R0498,further_reference;method,hed_catalog;web_search
CTL-TOL-001,R0637,further_reference,hed_catalog
CTL-WASON-001,R0015,key_reference,hed_catalog
CTL-WASON-001,R0058,key_reference,hed_catalog
CTL-WASON-001,R0089,key_reference,hed_catalog
CTL-WASON-001,R0110,further_reference,hed_catalog
CTL-WASON-001,R0126,further_reference,hed_catalog
CTL-WASON-001,R0799,further_reference,hed_catalog
CTL-WCST-001,R0445,key_reference;review,hed_catalog;web_search
CTL-WCST-001,R0480,further_reference,hed_catalog
CTL-WCST-001,R0699,further_reference;review,hed_catalog;web_search
CTL-WCST-001,R0789,further_reference;method,hed_catalog;web_search
CTL-WCST-001,R0795,further_reference,hed_catalog
EMO-APRIME-001,R0074,first_source_candidate;key_reference,hed_catalog
EMO-APRIME-001,R0104,key_reference,hed_catalog
EMO-APRIME-001,R0202,key_reference,hed_catalog
EMO-APRIME-001,R0211,review,hed_catalog
EMO-APRIME-001,R0438,review,hed_catalog
EMO-APRIME-001,R0582,further_reference,hed_catalog
EMO-AUTO-001,R0073,first_source_candidate;key_reference,hed_catalog
EMO-AUTO-001,R0088,key_reference,hed_catalog
EMO-AUTO-001,R0152,further_reference,hed_catalog
EMO-AUTO-001,R0198,key_reference,hed_catalog
EMO-AUTO-001,R0376,further_reference,hed_catalog
EMO-AUTO-001,R0472,review,hed_catalog
EMO-AUTO-001,R0696,review,hed_catalog
EMO-AUTO-001,R0879,review,web_search
EMO-AUTO-001,R1034,method,web_search
EMO-DOT-001,R0072,first_source_candidate;key_reference,hed_catalog
EMO-DOT-001,R0157,key_reference,hed_catalog
EMO-DOT-001,R0333,further_reference,hed_catalog
EMO-DOT-001,R0388,review,hed_catalog
EMO-DOT-001,R0643,further_reference,hed_catalog
EMO-DOT-001,R0660,further_reference,hed_catalog
EMO-DOT-001,R0757,review,hed_catalog
EMO-EST-001,R0137,key_reference,hed_catalog
EMO-EST-001,R0259,key_reference,hed_catalog
EMO-EST-001,R0270,further_reference,hed_catalog
EMO-EST-001,R0349,key_reference,hed_catalog
EMO-EST-001,R0380,review,hed_catalog
EMO-EST-001,R0470,further_reference,hed_catalog
EMO-FACE-001,R0036,key_reference,hed_catalog
EMO-FACE-001,R0115,key_reference,hed_catalog
EMO-FACE-001,R0358,review,hed_catalog
EMO-FACE-001,R0530,review,hed_catalog
EMO-FACE-001,R0683,review,hed_catalog
EMO-FACE-001,R0764,further_reference,hed_catalog
EMO-FACE-001,R0768,further_reference,hed_catalog
EMO-FACE-001,R0846,first_source_candidate,web_search
EMO-FACE-001,R0989,method,web_search
EMO-FACE-001,R1056,review,web_search
EMO-FC-001,R0191,key_reference,hed_catalog
EMO-FC-001,R0276,key_reference,hed_catalog
EMO-FC-001,R0413,key_reference,hed_catalog
EMO-FC-001,R0668,review,hed_catalog
EMO-FC-001,R0682,review,hed_catalog;web_search
EMO-FC-001,R0701,further_reference,hed_catalog
EMO-FC-001,R0831,further_reference,hed_catalog
EMO-FC-001,R0933,method,web_search
EMO-FC-001,R0951,first_source_candidate,web_search
EMO-FC-001,R1003,further_reference;review,hed_catalog;web_search
EMO-FC-001,R1010,first_source_candidate,web_search
EMO-FILM-001,R0853,method,web_search
EMO-FILM-001,R0909,review,web_search
EMO-FILM-001,R0918,first_source_candidate,web_search
EMO-FILM-001,R1036,method,web_search
EMO-FILM-001,R1069,review,web_search
EMO-IAPS-001,R0226,review,hed_catalog
EMO-IAPS-001,R0322,key_reference,hed_catalog
EMO-IAPS-001,R0558,review,hed_catalog
EMO-IAPS-001,R0633,further_reference,hed_catalog
EMO-IAPS-001,R0865,first_source_candidate,web_search
EMO-IAPS-001,R0927,review,web_search
EMO-IAPS-001,R0993,method,web_search
EMO-IAPS-001,R1040,review,web_search
EMO-MID-001,R0193,first_source_candidate;key_reference,hed_catalog;web_search
EMO-MID-001,R0203,key_reference,hed_catalog
EMO-MID-001,R0531,further_reference,hed_catalog
EMO-MID-001,R0636,further_reference,hed_catalog
EMO-MID-001,R0751,review,web_search
EMO-MID-001,R0753,review,hed_catalog
EMO-MID-001,R0861,review,web_search
EMO-MID-001,R0876,method,web_search
EMO-MID-001,R0903,first_source_candidate,web_search
EMO-MID-001,R0974,review,web_search
EMO-MUS-001,R0862,review,web_search
EMO-MUS-001,R1079,review,web_search
EMO-REG-001,R0172,review,hed_catalog
EMO-REG-001,R0232,first_source_candidate;key_reference,hed_catalog;web_search
EMO-REG-001,R0541,review,hed_catalog
EMO-REG-001,R0598,review,hed_catalog
EMO-REG-001,R0599,further_reference,hed_catalog
EMO-REG-001,R0611,review,hed_catalog
EMO-REG-001,R0723,review,hed_catalog
EMO-REG-001,R0877,review,web_search
EMO-REG-001,R0927,review,web_search
EMO-REG-001,R0962,method,web_search
EMO-REG-001,R1065,method,web_search
EMO-SOUND-001,R0128,other,wikipedia
EMO-SOUND-001,R0161,other,wikipedia
EMO-SOUND-001,R0185,other,wikipedia
EMO-SOUND-001,R0281,other,wikipedia
EMO-SOUND-001,R0473,other,wikipedia
EMO-SOUND-001,R0512,other,wikipedia
EMO-STRESS-001,R0108,first_source_candidate,wikipedia
EMO-STRESS-001,R0468,other,wikipedia
EMO-STRESS-001,R0785,review,wikipedia
ERR-ADAPT-001,R0194,first_source_candidate,web_search
ERR-ADAPT-001,R1001,method,web_search
ERR-ADAPT-001,R1009,method,web_search
ERR-AWARE-001,R0094,first_source_candidate,wikipedia
ERR-AWARE-001,R0190,review,wikipedia
ERR-AWARE-001,R0195,first_source_candidate;other,wikipedia
ERR-AWARE-001,R0205,other,wikipedia
ERR-AWARE-001,R0236,other,wikipedia
ERR-AWARE-001,R0421,other,wikipedia
ERR-BANDIT-001,R0338,first_source_candidate;key_reference,hed_catalog;web_search
ERR-BANDIT-001,R0706,further_reference,hed_catalog
ERR-BANDIT-001,R0737,further_reference;method,hed_catalog;web_search
ERR-BANDIT-001,R0781,further_reference;review,hed_catalog;web_search
ERR-BANDIT-001,R0794,further_reference,hed_catalog
ERR-CAUS-001,R0066,first_source_candidate;key_reference,hed_catalog
ERR-CAUS-001,R0077,key_reference,hed_catalog
ERR-CAUS-001,R0147,key_reference,hed_catalog
ERR-CAUS-001,R0218,review,hed_catalog
ERR-CAUS-001,R0307,further_reference,hed_catalog
ERR-CAUS-001,R0327,further_reference,hed_catalog
ERR-CAUS-001,R0396,further_reference,hed_catalog
ERR-ERRP-001,R0403,first_source_candidate,web_search
ERR-ERRP-001,R0603,review,web_search
ERR-ERRP-001,R1085,first_source_candidate,web_search
ERR-GAM-001,R0235,first_source_candidate,web_search
ERR-GAM-001,R0840,review,web_search
ERR-GAM-001,R1093,review,web_search
ERR-INST-001,R0140,key_reference,hed_catalog
ERR-INST-001,R0466,further_reference,hed_catalog
ERR-INST-001,R0489,key_reference,hed_catalog
ERR-INST-001,R0572,further_reference,hed_catalog
ERR-INST-001,R0609,further_reference,hed_catalog
ERR-INST-001,R0673,further_reference,hed_catalog
ERR-OBS-001,R0279,first_source_candidate,web_search
ERR-OBS-001,R0714,review,web_search
ERR-PCL-001,R0118,first_source_candidate;key_reference,hed_catalog
ERR-PCL-001,R0182,key_reference,hed_catalog
ERR-PCL-001,R0344,further_reference,hed_catalog
ERR-PCL-001,R0352,further_reference,hed_catalog
ERR-PCL-001,R0406,key_reference,hed_catalog
ERR-PCL-001,R0434,further_reference,hed_catalog
ERR-PCL-001,R0740,further_reference,hed_catalog
ERR-PRL-001,R0130,key_reference,hed_catalog
ERR-PRL-001,R0223,first_source_candidate;key_reference,hed_catalog;web_search
ERR-PRL-001,R0570,further_reference,hed_catalog
ERR-PRL-001,R0616,further_reference,hed_catalog
ERR-PRL-001,R0657,further_reference,hed_catalog
ERR-PRL-001,R0725,further_reference;review,hed_catalog;web_search
ERR-PRL-001,R0873,method,web_search
ERR-PSEL-001,R0272,first_source_candidate;key_reference,hed_catalog;web_search
ERR-PSEL-001,R0310,key_reference,hed_catalog
ERR-PSEL-001,R0365,key_reference,hed_catalog
ERR-PSEL-001,R0378,further_reference,hed_catalog
ERR-PSEL-001,R0439,further_reference,hed_catalog
ERR-PSEL-001,R0440,further_reference,hed_catalog
ERR-PSEL-001,R0463,further_reference;method,hed_catalog;web_search
ERR-TE-001,R0146,first_source_candidate,web_search
ERR-TE-001,R0969,review,web_search
ERR-TS-001,R0482,key_reference,hed_catalog
ERR-TS-001,R0510,first_source_candidate;key_reference,hed_catalog;web_search
ERR-TS-001,R0572,key_reference;review,hed_catalog;web_search
ERR-TS-001,R0673,further_reference,hed_catalog
ERR-TS-001,R0692,further_reference,hed_catalog
ERR-TS-001,R0730,further_reference,hed_catalog
ERR-TS-001,R0796,further_reference,hed_catalog
IMG-AUD-001,R0131,first_source_candidate;other,wikipedia
IMG-AUD-001,R0133,other,wikipedia
IMG-AUD-001,R0186,other,wikipedia
IMG-AUD-001,R0316,other,wikipedia
IMG-AUD-001,R0457,other,wikipedia
IMG-AUD-001,R0549,other,wikipedia
IMG-CMD-001,R0858,method,web_search
IMG-CMD-001,R0870,method,web_search
IMG-CMD-001,R0874,review,web_search
IMG-CMD-001,R0893,first_source_candidate,web_search
IMG-CMD-001,R0938,review,web_search
IMG-MA-001,R0842,first_source_candidate,web_search
IMG-MA-001,R0868,review,web_search
IMG-MA-001,R1041,method,web_search
IMG-MA-001,R1088,review,web_search
IMG-NAV-001,R0893,first_source_candidate,web_search
IMG-ROT-001,R0024,first_source_candidate;key_reference,hed_catalog;web_search
IMG-ROT-001,R0414,review,hed_catalog
IMG-ROT-001,R0820,review,hed_catalog
IMG-ROT-001,R0961,method,web_search
IMG-ROT-001,R0981,method,web_search
IMG-ROT-001,R1060,review,web_search
IMG-ROT-001,R1077,review,web_search
IMG-SPI-001,R0884,review,web_search
IMG-SPI-001,R0887,review,web_search
IMG-SPI-001,R0956,review,web_search
IMG-SPI-001,R0957,method,web_search
IMG-SPI-001,R1045,review,web_search
IMG-SPI-001,R1051,review,web_search
IMG-VIS-001,R0024,other,wikipedia
IMG-VIS-001,R0183,first_source_candidate;other,wikipedia
IMG-VIS-001,R0209,review,wikipedia
IMG-VIS-001,R0786,other,wikipedia
IMG-VIS-001,R0811,review,wikipedia
IMG-VIS-001,R0818,other,wikipedia
LAN-VF-001,R0082,first_source_candidate,web_search
LAN-VF-001,R0972,review,web_search
LAN-VF-001,R0979,review,web_search
LAN-VF-001,R1035,method,web_search
LAN-AGL-001,R0017,first_source_candidate;key_reference,hed_catalog
LAN-AGL-001,R0086,key_reference,hed_catalog
LAN-AGL-001,R0129,key_reference,hed_catalog
LAN-AGL-001,R0387,further_reference,hed_catalog
LAN-AGL-001,R0607,further_reference,hed_catalog
LAN-AGL-001,R0645,further_reference,hed_catalog
PER-MMN-001,R0216,other,wikipedia
LAN-PCAT-001,R0321,other,wikipedia
LAN-PCAT-001,R0381,review,wikipedia
LAN-PCAT-001,R0419,other,wikipedia
LAN-LDT-001,R0022,first_source_candidate;key_reference,hed_catalog
LAN-LDT-001,R0043,key_reference,hed_catalog
LAN-LDT-001,R0242,key_reference,hed_catalog
LAN-LDT-001,R0268,further_reference,hed_catalog
LAN-LDT-001,R0379,further_reference,hed_catalog
LAN-LDT-001,R0492,further_reference,hed_catalog
LAN-LDT-001,R0568,review,hed_catalog
LAN-LDT-001,R0832,further_reference,hed_catalog
LAN-LDT-001,R0925,method,web_search
LAN-LDT-001,R0970,method,web_search
LAN-LDT-001,R0971,review,web_search
LAN-LDT-001,R1053,method,web_search
LAN-MUS-001,R1030,first_source_candidate,web_search
LAN-N400-001,R0863,method,web_search
LAN-N400-001,R0924,first_source_candidate,web_search
LAN-N400-001,R0939,review,web_search
LAN-N400-001,R1075,review,web_search
LAN-NAT-001,R0913,method,web_search
LAN-NAT-001,R0973,review,web_search
LAN-NAT-001,R1005,first_source_candidate,web_search
LAN-NAT-001,R1026,first_source_candidate,web_search
LAN-NAT-001,R1033,method,web_search
LAN-OVS-001,R0838,method,web_search
LAN-OVS-001,R0839,method,web_search
LAN-OVS-001,R0850,review,web_search
LAN-OVS-001,R0857,review,web_search
LAN-OVS-001,R0941,first_source_candidate,web_search
LAN-OVS-001,R1013,first_source_candidate,web_search
LAN-P600-001,R0864,method,web_search
LAN-P600-001,R0899,method,web_search
LAN-P600-001,R0905,review,web_search
LAN-P600-001,R0942,review,web_search
LAN-P600-001,R1071,first_source_candidate,web_search
LAN-PHA-001,R0162,first_source_candidate;key_reference,hed_catalog
LAN-PHA-001,R0210,key_reference,hed_catalog
LAN-PHA-001,R0274,key_reference,hed_catalog
LAN-PHA-001,R0306,further_reference,hed_catalog
LAN-PHA-001,R0552,review,hed_catalog
LAN-PHA-001,R0577,further_reference,hed_catalog
LAN-PHON-001,R0968,first_source_candidate,web_search
LAN-PHON-001,R0975,review,web_search
LAN-PHON-001,R0988,first_source_candidate,web_search
LAN-PHON-001,R1068,review,web_search
LAN-PN-001,R0173,key_reference,hed_catalog
LAN-PN-001,R0294,key_reference,hed_catalog
LAN-PN-001,R0370,key_reference,hed_catalog
LAN-PN-001,R0521,further_reference,hed_catalog
LAN-PN-001,R0782,further_reference,hed_catalog
LAN-PN-001,R0819,review,hed_catalog
LAN-PN-001,R0914,first_source_candidate,web_search
LAN-PN-001,R0978,review,web_search
LAN-PN-001,R1000,review,web_search
LAN-PN-001,R1029,method,web_search
LAN-PN-001,R1043,method,web_search
LAN-PRIME-001,R0022,first_source_candidate;key_reference,hed_catalog
LAN-PRIME-001,R0032,key_reference,hed_catalog
LAN-PRIME-001,R0084,review,web_search
LAN-PRIME-001,R0247,key_reference,hed_catalog
LAN-PRIME-001,R0392,further_reference,hed_catalog
LAN-PRIME-001,R0409,further_reference,hed_catalog
LAN-PRIME-001,R0537,further_reference,hed_catalog
LAN-PRIME-001,R0590,further_reference,hed_catalog
LAN-PRIME-001,R0829,further_reference,hed_catalog
LAN-PRIME-001,R0847,method,web_search
LAN-PRIME-001,R0926,method,web_search
LAN-PRIME-001,R1039,method,web_search
LAN-READ-001,R0033,other,wikipedia
LAN-READ-001,R0048,other,wikipedia
LAN-READ-001,R0255,other,wikipedia
LAN-READ-001,R0311,other,wikipedia
LAN-SC-001,R0055,first_source_candidate;key_reference,hed_catalog
LAN-SC-001,R0238,key_reference,hed_catalog
LAN-SC-001,R0301,key_reference,hed_catalog
LAN-SC-001,R0404,further_reference,hed_catalog
LAN-SC-001,R0613,further_reference,hed_catalog
LAN-SC-001,R0663,review,hed_catalog
LAN-SPR-001,R0056,key_reference,hed_catalog
LAN-SPR-001,R0075,key_reference,hed_catalog
LAN-SPR-001,R0588,further_reference,hed_catalog
LAN-SPR-001,R0615,further_reference,hed_catalog
LAN-SPR-001,R0687,further_reference,hed_catalog
LAN-SPR-001,R0797,further_reference,hed_catalog
LAN-VF-001,R0061,first_source_candidate;key_reference,hed_catalog
LAN-VF-001,R0142,key_reference,hed_catalog
LAN-VF-001,R0269,review,hed_catalog
LAN-VF-001,R0420,further_reference,hed_catalog
LAN-VF-001,R0630,further_reference,hed_catalog
LAN-VF-001,R0765,further_reference,hed_catalog
LAN-VF-001,R0978,review,web_search
LAN-VG-001,R0082,first_source_candidate;key_reference,hed_catalog
LAN-VG-001,R0117,key_reference,hed_catalog
LAN-VG-001,R0150,key_reference,hed_catalog
LAN-VG-001,R0350,further_reference,hed_catalog
LAN-VG-001,R0375,further_reference,hed_catalog
LAN-VG-001,R0469,further_reference,hed_catalog
LAN-VG-001,R0536,further_reference,hed_catalog
LAN-VG-001,R1044,method,web_search
MEM-CD-001,R0151,first_source_candidate;key_reference,hed_catalog;web_search
MEM-CD-001,R0215,key_reference;review,hed_catalog;web_search
MEM-CD-001,R0282,first_source_candidate;key_reference,hed_catalog;web_search
MEM-CD-001,R0591,further_reference,hed_catalog
MEM-CD-001,R0597,further_reference,hed_catalog
MEM-CD-001,R0662,further_reference,hed_catalog
MEM-CD-001,R0689,further_reference,hed_catalog
MEM-CFMT-001,R0153,key_reference,hed_catalog
MEM-CFMT-001,R0354,first_source_candidate;key_reference,hed_catalog
MEM-CFMT-001,R0360,key_reference,hed_catalog
MEM-CFMT-001,R0433,further_reference,hed_catalog
MEM-CFMT-001,R0444,further_reference,hed_catalog
MEM-CFMT-001,R0467,further_reference,hed_catalog
MEM-CFMT-001,R0674,further_reference,hed_catalog
MEM-DF-001,R0021,first_source_candidate;key_reference,hed_catalog;web_search
MEM-DF-001,R0579,review,web_search
MEM-DF-001,R0602,further_reference,hed_catalog
MEM-DF-001,R0610,further_reference,hed_catalog
MEM-DF-001,R0803,further_reference;method,hed_catalog;web_search
MEM-DMS-001,R0025,first_source_candidate;key_reference,hed_catalog;web_search
MEM-DMS-001,R0134,key_reference,hed_catalog
MEM-DMS-001,R0228,key_reference;method,hed_catalog;web_search
MEM-DMS-001,R0632,further_reference;review,hed_catalog;web_search
MEM-DMS-001,R0665,review,web_search
MEM-DMS-001,R0745,further_reference,hed_catalog
MEM-DMS-001,R0754,further_reference,hed_catalog
MEM-DRM-001,R0006,first_source_candidate,web_search
MEM-DRM-001,R0122,lead_page,web_search
MEM-DRM-001,R0200,method,web_search
MEM-DS-001,R0004,key_reference,hed_catalog
MEM-DS-001,R0076,key_reference,hed_catalog
MEM-DS-001,R0505,further_reference,hed_catalog
MEM-FR-001,R0119,further_reference,hed_catalog
MEM-FR-001,R0175,further_reference,hed_catalog
MEM-FR-001,R0300,key_reference,hed_catalog
MEM-FR-001,R0347,key_reference,hed_catalog
MEM-FR-001,R0353,further_reference,hed_catalog
MEM-FR-001,R0424,further_reference,hed_catalog
MEM-FR-001,R0540,further_reference,hed_catalog
MEM-FR-001,R0550,key_reference,hed_catalog
MEM-FR-001,R0644,further_reference,hed_catalog
MEM-FR-001,R0709,further_reference,hed_catalog
MEM-FR-001,R0790,further_reference,hed_catalog
MEM-META-001,R0013,first_source_candidate;key_reference,hed_catalog
MEM-META-001,R0064,key_reference,hed_catalog
MEM-META-001,R0098,key_reference,hed_catalog
MEM-META-001,R0099,key_reference,hed_catalog
MEM-META-001,R0105,key_reference,hed_catalog
MEM-META-001,R0148,key_reference,hed_catalog
MEM-META-001,R0325,further_reference,hed_catalog
MEM-META-001,R0462,further_reference,hed_catalog
MEM-META-001,R0493,further_reference,hed_catalog
MEM-META-001,R0517,review,hed_catalog
MEM-META-001,R0522,further_reference,hed_catalog
MEM-META-001,R0649,review,hed_catalog
MEM-META-001,R0664,further_reference,hed_catalog
MEM-META-001,R0729,review,hed_catalog
MEM-MST-001,R0373,first_source_candidate;key_reference,hed_catalog
MEM-MST-001,R0416,further_reference,hed_catalog
MEM-MST-001,R0499,further_reference,hed_catalog
MEM-MST-001,R0513,key_reference,hed_catalog
MEM-MST-001,R0565,key_reference,hed_catalog
MEM-MST-001,R0612,further_reference,hed_catalog
MEM-MST-001,R0695,further_reference,hed_catalog
MEM-NAV-001,R0037,key_reference,hed_catalog
MEM-NAV-001,R0065,key_reference;method,hed_catalog;web_search
MEM-NAV-001,R0164,first_source_candidate;key_reference,hed_catalog;web_search
MEM-NAV-001,R0265,key_reference;method,hed_catalog;web_search
MEM-NAV-001,R0289,key_reference,hed_catalog
MEM-NAV-001,R0315,key_reference,hed_catalog
MEM-NAV-001,R0366,further_reference,hed_catalog
MEM-NAV-001,R0393,further_reference,hed_catalog
MEM-NAV-001,R0580,further_reference,hed_catalog
MEM-NAV-001,R0654,further_reference,hed_catalog
MEM-NAV-001,R0698,further_reference,hed_catalog
MEM-NAV-001,R0704,further_reference,hed_catalog
MEM-NAV-001,R0722,further_reference;review,hed_catalog;web_search
MEM-NAV-001,R0748,further_reference,hed_catalog
MEM-NBK-001,R0154,key_reference;method,hed_catalog;web_search
MEM-NBK-001,R0319,review,web_search
MEM-NBK-001,R0486,further_reference,hed_catalog
MEM-NBK-001,R0503,further_reference,hed_catalog
MEM-NBK-001,R0562,review,web_search
MEM-NBK-001,R0728,review,hed_catalog
MEM-NBK-001,R0826,further_reference,hed_catalog
MEM-ON-001,R0051,first_source_candidate;key_reference,hed_catalog;web_search
MEM-ON-001,R0179,key_reference;method,hed_catalog;web_search
MEM-ON-001,R0361,further_reference,hed_catalog
MEM-ON-001,R0363,key_reference;review,hed_catalog;web_search
MEM-ON-001,R0567,further_reference;review,hed_catalog;web_search
MEM-ON-001,R0595,further_reference,hed_catalog
MEM-OSPAN-001,R0087,key_reference,hed_catalog
MEM-OSPAN-001,R0297,key_reference,hed_catalog
MEM-OSPAN-001,R0335,review,hed_catalog
MEM-OSPAN-001,R0658,further_reference,hed_catalog
MEM-OSPAN-001,R0735,further_reference,hed_catalog
MEM-OSPAN-001,R0776,review,hed_catalog
MEM-PA-001,R0187,further_reference;method,hed_catalog;web_search
MEM-PA-001,R0401,further_reference,hed_catalog
MEM-PA-001,R0491,further_reference,hed_catalog
MEM-PA-001,R0504,key_reference;method,hed_catalog;web_search
MEM-PA-001,R0605,further_reference,hed_catalog
MEM-PA-001,R0733,further_reference,hed_catalog
MEM-PM-001,R0092,first_source_candidate;key_reference,hed_catalog
MEM-PM-001,R0197,key_reference,hed_catalog
MEM-PM-001,R0262,key_reference,hed_catalog
MEM-PM-001,R0587,further_reference,hed_catalog
MEM-PM-001,R0651,review,hed_catalog
MEM-PM-001,R0767,further_reference,hed_catalog
MEM-CD-001,R0031,other,wikipedia
MEM-CD-001,R0267,other,wikipedia
MEM-CD-001,R0402,other,wikipedia
MEM-RK-001,R0069,key_reference,hed_catalog
MEM-RK-001,R0080,key_reference,hed_catalog
MEM-RK-001,R0452,further_reference,hed_catalog
MEM-RK-001,R0474,further_reference,hed_catalog
MEM-RK-001,R0545,further_reference,hed_catalog
MEM-RK-001,R0758,further_reference,hed_catalog
MEM-SB-001,R0014,first_source_candidate;key_reference,hed_catalog;web_search
MEM-SB-001,R0018,key_reference,hed_catalog
MEM-SB-001,R0465,further_reference;method,hed_catalog;web_search
MEM-SB-001,R0528,further_reference,hed_catalog
MEM-SB-001,R0735,further_reference;review,hed_catalog;web_search
MEM-SME-001,R0229,lead_page,web_search
MEM-SRC-001,R0107,first_source_candidate;key_reference,hed_catalog
MEM-SRC-001,R0123,key_reference,hed_catalog
MEM-SRC-001,R0442,key_reference,hed_catalog
MEM-SRC-001,R0454,further_reference,hed_catalog
MEM-SRC-001,R0676,review,hed_catalog
MEM-SRC-001,R0677,review,hed_catalog
MEM-SRC-001,R0720,further_reference,hed_catalog
MEM-SRE-001,R0042,first_source_candidate;key_reference,hed_catalog
MEM-SRE-001,R0053,further_reference,hed_catalog
MEM-SRE-001,R0155,review,hed_catalog
MEM-SRE-001,R0225,key_reference,hed_catalog
MEM-SRE-001,R0351,review,hed_catalog
MEM-SRE-001,R0515,further_reference,hed_catalog
MEM-SRE-001,R0547,further_reference,hed_catalog
MEM-SWM-001,R0023,first_source_candidate;key_reference,hed_catalog;web_search
MEM-SWM-001,R0028,key_reference,hed_catalog
MEM-SWM-001,R0136,method,web_search
MEM-SWM-001,R0339,further_reference,hed_catalog
MEM-SWM-001,R0631,further_reference;method,hed_catalog;web_search
MEM-TMR-001,R0443,first_source_candidate,web_search
MEM-TMR-001,R0798,review,web_search
MEM-TNT-001,R0213,first_source_candidate;key_reference,hed_catalog;web_search
MEM-TNT-001,R0551,further_reference,hed_catalog
MEM-TNT-001,R0555,key_reference,hed_catalog
MEM-TNT-001,R0610,key_reference;review,hed_catalog;web_search
MEM-TNT-001,R0713,further_reference,hed_catalog
MEM-TNT-001,R0721,further_reference,hed_catalog
MEM-TNT-001,R0807,review,hed_catalog
MOT-ATT-001,R0894,method,web_search
MOT-ATT-001,R0895,method,web_search
MOT-ATT-001,R0922,first_source_candidate,web_search
MOT-ATT-001,R1038,review,web_search
MOT-BIMAN-001,R0233,other,wikipedia
MOT-BIMAN-001,R0286,other,wikipedia
MOT-BIMAN-001,R0314,other,wikipedia
MOT-BIMAN-001,R0481,other,wikipedia
MOT-CURSOR-001,R0880,method,web_search
MOT-CURSOR-001,R0945,method,web_search
MOT-CURSOR-001,R0949,method,web_search
MOT-CURSOR-001,R1038,review,web_search
MOT-FING-001,R0837,method,web_search
MOT-FING-001,R0871,method,web_search
MOT-FING-001,R0908,method,web_search
MOT-FING-001,R0960,method,web_search
MOT-FORCE-001,R0762,review,web_search
MOT-FORCE-001,R0881,first_source_candidate,web_search
MOT-FORCE-001,R0952,method,web_search
MOT-FORCE-001,R1050,first_source_candidate,web_search
MOT-GAIT-001,R0883,first_source_candidate,web_search
MOT-GAIT-001,R0922,first_source_candidate,web_search
MOT-GAIT-001,R0955,review,web_search
MOT-GRASP-001,R0885,review,web_search
MOT-GRASP-001,R0888,first_source_candidate,web_search
MOT-GRASP-001,R0943,first_source_candidate,web_search
MOT-HW-001,R0886,method,web_search
MOT-HW-001,R0947,first_source_candidate,web_search
MOT-HW-001,R0948,first_source_candidate,web_search
MOT-IB-001,R0241,first_source_candidate;key_reference,hed_catalog
MOT-IB-001,R0455,further_reference,hed_catalog
MOT-IB-001,R0543,review,hed_catalog
MOT-IB-001,R0569,key_reference,hed_catalog
MOT-IB-001,R0697,further_reference,hed_catalog
MOT-IB-001,R0769,further_reference,hed_catalog
MOT-ME-001,R0145,key_reference,hed_catalog
MOT-ME-001,R0189,key_reference,hed_catalog
MOT-ME-001,R0280,further_reference,hed_catalog
MOT-ME-001,R0405,review,hed_catalog
MOT-ME-001,R0878,method,web_search
MOT-ME-001,R0928,first_source_candidate,web_search
MOT-ME-001,R0946,review,web_search
MOT-ME-001,R0959,first_source_candidate,web_search
MOT-ME-001,R0994,review,web_search
MOT-MI-001,R0921,method,web_search
MOT-MI-001,R0991,review,web_search
MOT-MI-001,R0994,review,web_search
MOT-MI-001,R0996,first_source_candidate,web_search
MOT-MI-001,R0997,method,web_search
MOT-MIRR-001,R0106,first_source_candidate;key_reference,hed_catalog
MOT-MIRR-001,R0176,further_reference,hed_catalog
MOT-MIRR-001,R0256,key_reference,hed_catalog
MOT-MIRR-001,R0273,further_reference,hed_catalog
MOT-MIRR-001,R0345,review,hed_catalog
MOT-MIRR-001,R0564,review,hed_catalog
MOT-MRCP-001,R0012,first_source_candidate,web_search
MOT-MRCP-001,R0835,review,web_search
MOT-MRCP-001,R0860,review,web_search
MOT-MRCP-001,R0896,method,web_search
MOT-MRCP-001,R0930,first_source_candidate,web_search
MOT-MSL-001,R0170,first_source_candidate;key_reference,hed_catalog
MOT-MSL-001,R0220,further_reference,hed_catalog
MOT-MSL-001,R0231,key_reference,hed_catalog
MOT-MSL-001,R0432,key_reference,hed_catalog
MOT-MSL-001,R0634,further_reference,hed_catalog
MOT-MSL-001,R0650,further_reference,hed_catalog
MOT-MSL-001,R0718,further_reference,hed_catalog
MOT-OBS-001,R0845,first_source_candidate,web_search
MOT-OBS-001,R0851,review,web_search
MOT-OBS-001,R0987,method,web_search
MOT-OBS-001,R0995,first_source_candidate,web_search
MOT-REACH-001,R0834,review,web_search
MOT-REACH-001,R1002,method,web_search
MOT-REACH-001,R1012,method,web_search
MOT-REACH-001,R1020,first_source_candidate,web_search
MOT-REACH-001,R1038,review,web_search
MOT-RT-001,R0859,method,web_search
MOT-RT-001,R0944,method,web_search
MOT-SACC-001,R0001,first_source_candidate,wikipedia
MOT-SACC-001,R0034,other,wikipedia
MOT-SACC-001,R0062,other,wikipedia
MOT-SACC-001,R0291,other,wikipedia
MOT-SACC-001,R0394,review,wikipedia
MOT-SACC-001,R0560,other,wikipedia
MOT-SRT-001,R0078,first_source_candidate;key_reference,hed_catalog
MOT-SRT-001,R0125,key_reference,hed_catalog
MOT-SRT-001,R0342,review,hed_catalog
MOT-SRT-001,R0386,key_reference,hed_catalog
MOT-SRT-001,R0477,further_reference,hed_catalog
MOT-SRT-001,R0553,further_reference,hed_catalog
MOT-SRT-001,R0594,review,hed_catalog
MOT-TRACK-001,R0852,method,web_search
MOT-TRACK-001,R0889,first_source_candidate,web_search
MOT-TRACK-001,R1016,method,web_search
MOT-TRACK-001,R1082,method,web_search
MOT-TRACK-001,R1091,first_source_candidate,web_search
PER-AAD-001,R0542,first_source_candidate,web_search
PER-AAD-001,R0855,first_source_candidate,web_search
PER-AAD-001,R0911,review,web_search
PER-AAD-001,R0916,review,web_search
PER-AB-001,R0101,first_source_candidate,web_search
PER-AB-001,R0904,method,web_search
PER-AB-001,R1092,review,web_search
PER-ABR-001,R0856,lead_page,web_search
PER-ABR-001,R1054,review,web_search
PER-ABR-001,R1087,method,web_search
PER-AEP-001,R0999,review,web_search
PER-AEP-001,R1055,review,web_search
PER-AMASK-001,R0415,further_reference,hed_catalog
PER-AMASK-001,R0532,key_reference,hed_catalog
PER-BOI-001,R0168,first_source_candidate;key_reference,hed_catalog
PER-BOI-001,R0407,further_reference,hed_catalog
PER-BOI-001,R0417,further_reference,hed_catalog
PER-BOI-001,R0471,key_reference,hed_catalog
PER-BOI-001,R0655,further_reference,hed_catalog
PER-BOI-001,R0656,further_reference,hed_catalog
PER-BR-001,R0239,review,web_search
PER-BR-001,R0346,review,web_search
PER-CAT-001,R0059,first_source_candidate,wikipedia
PER-CAT-001,R0079,other,wikipedia
PER-CAT-001,R0132,other,wikipedia
PER-CAT-001,R0177,other,wikipedia
PER-CAT-001,R0244,other,wikipedia
PER-CTXC-001,R0160,first_source_candidate;key_reference,hed_catalog
PER-CTXC-001,R0253,key_reference,hed_catalog
PER-CTXC-001,R0646,key_reference,hed_catalog
PER-CTXC-001,R0707,further_reference,hed_catalog
PER-CTXC-001,R0746,further_reference,hed_catalog
PER-CTXC-001,R0771,review,hed_catalog
PER-CTXC-001,R0817,further_reference,hed_catalog
PER-CUE-001,R0049,first_source_candidate;key_reference,hed_catalog
PER-CUE-001,R0050,first_source_candidate,web_search
PER-CUE-001,R0221,key_reference,hed_catalog
PER-CUE-001,R0320,key_reference,hed_catalog
PER-CUE-001,R0557,further_reference,hed_catalog
PER-CUE-001,R0618,further_reference,hed_catalog
PER-CUE-001,R0766,further_reference,hed_catalog
PER-CUE-001,R0793,further_reference,hed_catalog
PER-CUE-001,R1021,first_source_candidate,web_search
PER-CVA-001,R0343,first_source_candidate,web_search
PER-CVA-001,R0937,review,web_search
PER-FACE-001,R0153,key_reference,hed_catalog
PER-FACE-001,R0199,key_reference,hed_catalog
PER-FACE-001,R0292,key_reference,hed_catalog
PER-FACE-001,R0520,further_reference,hed_catalog
PER-FACE-001,R0559,further_reference,hed_catalog
PER-FACE-001,R0724,further_reference,hed_catalog
PER-FACE-001,R0917,first_source_candidate,web_search
PER-FACE-001,R0932,first_source_candidate,web_search
PER-FACE-001,R0950,review,web_search
PER-FVEP-001,R0678,method,web_search
PER-FVEP-001,R0848,method,web_search
PER-FVEP-001,R1086,review,web_search
PER-GATE-001,R0983,review,web_search
PER-GATE-001,R1023,lead_page,web_search
PER-HBD-001,R0041,first_source_candidate;key_reference,hed_catalog
PER-HBD-001,R0052,key_reference,hed_catalog
PER-HBD-001,R0647,key_reference,hed_catalog
PER-HBD-001,R0705,further_reference,hed_catalog
PER-HBD-001,R0742,further_reference,hed_catalog
PER-HBD-001,R0752,further_reference,hed_catalog
PER-LEP-001,R0097,first_source_candidate,web_search
PER-LEP-001,R0249,review,web_search
PER-LEP-001,R0250,review,web_search
PER-LG-001,R1006,first_source_candidate,web_search
PER-LG-001,R1024,method,web_search
PER-LG-001,R1032,first_source_candidate,web_search
PER-MASK-001,R0254,key_reference,hed_catalog
PER-MASK-001,R0277,key_reference,hed_catalog
PER-MASK-001,R0359,first_source_candidate;key_reference,hed_catalog
PER-MASK-001,R0428,further_reference,hed_catalog
PER-MASK-001,R0448,key_reference,hed_catalog
PER-MASK-001,R0449,key_reference,hed_catalog
PER-MASK-001,R0502,key_reference,hed_catalog
PER-MASK-001,R0519,further_reference,hed_catalog
PER-MASK-001,R0672,further_reference,hed_catalog
PER-MASK-001,R0684,further_reference,hed_catalog
PER-MASK-001,R0727,further_reference,hed_catalog
PER-MASK-001,R0772,further_reference,hed_catalog
PER-MASK-001,R0791,further_reference,hed_catalog
PER-MASK-001,R0800,further_reference,hed_catalog
PER-MASK-001,R0923,review,web_search
PER-MASK-001,R1015,review,web_search
PER-MASK-001,R1057,method,web_search
PER-MMN-001,R0044,first_source_candidate;key_reference,hed_catalog
PER-MMN-001,R0383,review,hed_catalog;web_search
PER-MMN-001,R0447,review,hed_catalog
PER-MMN-001,R0495,further_reference,hed_catalog
PER-MMN-001,R0501,further_reference,hed_catalog
PER-MMN-001,R0670,review,hed_catalog
PER-MMN-001,R1063,review,web_search
PER-MOT-001,R0083,first_source_candidate;key_reference,hed_catalog
PER-MOT-001,R0331,key_reference,hed_catalog
PER-MOT-001,R0367,further_reference,hed_catalog
PER-MOT-001,R0412,further_reference,hed_catalog
PER-MOT-001,R0685,further_reference,hed_catalog
PER-MOT-001,R0719,review,hed_catalog
PER-MSI-001,R0035,first_source_candidate,wikipedia
PER-MSI-001,R0143,other,wikipedia
PER-MSI-001,R0275,other,wikipedia
PER-MSI-001,R0293,other,wikipedia
PER-MSI-001,R0478,other,wikipedia
PER-MSI-001,R0527,other,wikipedia
PER-MVEP-001,R0230,method,web_search
PER-MVEP-001,R0836,method,web_search
PER-MVEP-001,R0992,review,web_search
PER-NAT-001,R0323,other,wikipedia
PER-NAT-001,R0410,other,wikipedia
PER-NAT-001,R0441,other,wikipedia
PER-NAT-001,R0511,other,wikipedia
PER-NAT-001,R0780,review,wikipedia
PER-NAT-001,R0824,other,wikipedia
PER-NAVON-001,R0040,first_source_candidate;key_reference,hed_catalog
PER-NAVON-001,R0100,review,hed_catalog
PER-NAVON-001,R0138,key_reference,hed_catalog
PER-NAVON-001,R0423,further_reference,hed_catalog
PER-NAVON-001,R0464,further_reference,hed_catalog
PER-NAVON-001,R0500,further_reference,hed_catalog
PER-NAVON-001,R0648,further_reference,hed_catalog
PER-NAVON-001,R0743,further_reference,hed_catalog
PER-NAVON-001,R0815,review,hed_catalog
PER-ODD-001,R0011,first_source_candidate;key_reference,hed_catalog;web_search
PER-ODD-001,R0081,key_reference,hed_catalog
PER-ODD-001,R0328,further_reference,hed_catalog
PER-ODD-001,R0389,key_reference;review,hed_catalog;web_search
PER-ODD-001,R0578,further_reference,hed_catalog
PER-ODD-001,R0661,further_reference,hed_catalog
PER-ODD-001,R1022,lead_page,web_search
PER-ODD-001,R1052,method,web_search
PER-OLF-001,R0046,other,wikipedia
PER-OMIT-001,R0571,review,web_search
PER-OMIT-001,R0585,method,web_search
PER-OMIT-001,R0792,method,web_search
PER-PRVEP-001,R0678,method,web_search
PER-PRVEP-001,R0827,method,web_search
PER-PRVEP-001,R1084,review,web_search
PER-RET-001,R0009,other,wikipedia
PER-RET-001,R0240,other,wikipedia
PER-RET-001,R0334,other,wikipedia
PER-RET-001,R0490,other,wikipedia
PER-RET-001,R0507,other,wikipedia
PER-RSVP-001,R0038,key_reference,hed_catalog
PER-RSVP-001,R0101,key_reference,hed_catalog
PER-RSVP-001,R0120,key_reference,hed_catalog
PER-RSVP-001,R0298,further_reference,hed_catalog
PER-RSVP-001,R0299,further_reference,hed_catalog
PER-RSVP-001,R0391,further_reference,hed_catalog
PER-RSVP-001,R0446,review,hed_catalog
PER-RSVP-001,R0620,further_reference,hed_catalog
PER-RSVP-001,R0843,review,web_search
PER-RSVP-001,R0869,first_source_candidate,web_search
PER-TON-001,R0007,other,wikipedia
PER-TON-001,R0027,other,wikipedia
PER-TON-001,R0135,review,wikipedia
PER-TON-001,R0295,first_source_candidate;other,wikipedia
PER-TON-001,R0535,other,wikipedia
PER-TON-001,R0628,other,wikipedia
PER-UFOV-001,R0109,key_reference,hed_catalog
PER-UFOV-001,R0324,key_reference,hed_catalog
PER-UFOV-001,R0382,further_reference,hed_catalog
PER-UFOV-001,R0436,further_reference,hed_catalog
PER-UFOV-001,R0711,further_reference,hed_catalog
PER-VS-001,R0047,first_source_candidate;key_reference,hed_catalog
PER-VS-001,R0167,further_reference,hed_catalog
PER-VS-001,R0178,method,web_search
PER-VS-001,R0285,key_reference,hed_catalog
PER-VS-001,R0525,further_reference,hed_catalog
PER-VS-001,R0703,further_reference,hed_catalog
PER-VS-001,R0806,further_reference,hed_catalog
PER-VS-001,R0998,lead_page,web_search
PER-VS-001,R1072,method,web_search
SOC-BIO-001,R0029,first_source_candidate;key_reference,hed_catalog
SOC-BIO-001,R0219,key_reference,hed_catalog
SOC-BIO-001,R0374,key_reference,hed_catalog
SOC-BIO-001,R0533,further_reference,hed_catalog
SOC-BIO-001,R0539,further_reference,hed_catalog
SOC-BIO-001,R0563,further_reference,hed_catalog
SOC-BIO-001,R0576,further_reference,hed_catalog
SOC-BIO-001,R0581,further_reference,hed_catalog
SOC-BIO-001,R0686,further_reference,hed_catalog
SOC-BIO-001,R0788,review,hed_catalog
SOC-DICT-001,R0114,first_source_candidate;key_reference,hed_catalog
SOC-DICT-001,R0341,key_reference,hed_catalog
SOC-DICT-001,R0371,key_reference,hed_catalog
SOC-DICT-001,R0497,further_reference,hed_catalog
SOC-DICT-001,R0614,further_reference,hed_catalog
SOC-GAZE-001,R0882,method,web_search
SOC-GAZE-001,R0966,method,web_search
SOC-GAZE-001,R0986,method,web_search
SOC-GAZE-001,R1004,review,web_search
SOC-GAZE-001,R1059,first_source_candidate,web_search
SOC-HYP-001,R0227,first_source_candidate,web_search
SOC-HYP-001,R0841,method,web_search
SOC-HYP-001,R0953,review,web_search
SOC-HYP-001,R0964,method,web_search
SOC-HYP-001,R1042,review,web_search
SOC-IAT-001,R0165,first_source_candidate;key_reference,hed_catalog
SOC-IAT-001,R0266,key_reference,hed_catalog
SOC-IAT-001,R0332,key_reference,hed_catalog
SOC-IAT-001,R0659,further_reference,hed_catalog
SOC-IAT-001,R0774,further_reference,hed_catalog
SOC-IAT-001,R0775,further_reference,hed_catalog
SOC-IAT-001,R0778,review,hed_catalog
SOC-IMIT-001,R0188,first_source_candidate;key_reference,hed_catalog
SOC-IMIT-001,R0248,further_reference,hed_catalog
SOC-IMIT-001,R0496,key_reference,hed_catalog
SOC-IMIT-001,R0694,further_reference,hed_catalog
SOC-IMIT-001,R0710,further_reference,hed_catalog
SOC-IMIT-001,R0734,review,hed_catalog
SOC-JA-001,R0963,method,web_search
SOC-JA-001,R1061,method,web_search
SOC-PAIN-001,R0919,method,web_search
SOC-PAIN-001,R0920,first_source_candidate,web_search
SOC-PAIN-001,R0982,review,web_search
SOC-PAIN-001,R0984,review,web_search
SOC-RME-001,R0214,first_source_candidate;key_reference,hed_catalog
SOC-RME-001,R0460,key_reference,hed_catalog
SOC-RME-001,R0586,review,hed_catalog
SOC-RME-001,R0635,further_reference,hed_catalog
SOC-RME-001,R0690,key_reference,hed_catalog
SOC-RME-001,R0738,review,hed_catalog
SOC-SELF-001,R0900,review,web_search
SOC-SID-001,R0426,key_reference,hed_catalog
SOC-SID-001,R0461,key_reference,hed_catalog
SOC-SID-001,R0589,key_reference,hed_catalog
SOC-SID-001,R0600,further_reference,hed_catalog
SOC-SID-001,R0652,further_reference,hed_catalog
SOC-SID-001,R0731,further_reference,hed_catalog
SOC-TOM-001,R0060,first_source_candidate;key_reference,hed_catalog
SOC-TOM-001,R0068,key_reference,hed_catalog
SOC-TOM-001,R0207,review,hed_catalog
SOC-TOM-001,R0260,first_source_candidate;key_reference,hed_catalog;web_search
SOC-TOM-001,R0308,further_reference,hed_catalog
SOC-TOM-001,R0435,further_reference,hed_catalog
SOC-TOM-001,R0561,further_reference,hed_catalog
SOC-TOM-001,R0604,review,hed_catalog;web_search
SOC-TOM-001,R0741,review,hed_catalog
SOC-TOM-001,R0875,review,web_search
SOC-TOM-001,R0967,method,web_search
SOC-TOM-001,R1074,review,web_search
SOC-TPP-001,R0906,method,web_search
SOC-TPP-001,R1058,method,web_search
SOC-TRUST-001,R0127,first_source_candidate;key_reference,hed_catalog
SOC-TRUST-001,R0217,key_reference,hed_catalog
SOC-TRUST-001,R0263,key_reference,hed_catalog
SOC-TRUST-001,R0312,key_reference,hed_catalog
SOC-TRUST-001,R0479,further_reference,hed_catalog
SOC-TRUST-001,R0523,review,hed_catalog
SOC-TRUST-001,R0574,further_reference,hed_catalog
SOC-TRUST-001,R0593,further_reference,hed_catalog
SOC-TRUST-001,R0606,further_reference,hed_catalog
SOC-TRUST-001,R0693,further_reference,hed_catalog
SOC-TRUST-001,R0712,review,hed_catalog
SOC-TRUST-001,R0783,further_reference,hed_catalog
SOC-TRUST-001,R0901,method,web_search
SOC-TRUST-001,R0958,review,web_search
SOC-TRUST-001,R0965,method,web_search
SOC-TRUST-001,R1081,method,web_search
SOC-UG-001,R0054,first_source_candidate;key_reference,hed_catalog
SOC-UG-001,R0264,first_source_candidate;key_reference,hed_catalog;web_search
SOC-UG-001,R0296,further_reference,hed_catalog
SOC-UG-001,R0619,review,hed_catalog
SOC-UG-001,R0653,review,hed_catalog;web_search
SOC-UG-001,R0902,method,web_search
SOC-UG-001,R1073,method,web_search
SOC-VPT-001,R0875,review,web_search
SOC-WIT-001,R0212,first_source_candidate;key_reference,hed_catalog
SOC-WIT-001,R0237,further_reference,hed_catalog
SOC-WIT-001,R0284,key_reference,hed_catalog
SOC-WIT-001,R0326,key_reference,hed_catalog
SOC-WIT-001,R0624,further_reference,hed_catalog
SOC-WIT-001,R0625,further_reference,hed_catalog
SOC-WIT-001,R0810,further_reference,hed_catalog
SSR-ASSR-001,R0833,first_source_candidate,web_search
SSR-ASSR-001,R0872,method,web_search
SSR-ASSR-001,R0897,review,web_search
SSR-BEAT-001,R0377,other,wikipedia
SSR-BEAT-001,R0548,other,wikipedia
SSR-BEAT-001,R0623,other,wikipedia
SSR-BEAT-001,R0688,other,wikipedia
SSR-CVEP-001,R0844,review,web_search
SSR-CVEP-001,R0866,review,web_search
SSR-FFR-001,R0770,review,web_search
SSR-FFR-001,R0773,review,web_search
SSR-FFR-001,R1017,method,web_search
SSR-FPVS-001,R0814,method,web_search
SSR-FPVS-001,R1014,method,web_search
SSR-FT-001,R0085,other,wikipedia
SSR-FT-001,R0206,other,wikipedia
SSR-FT-001,R0398,other,wikipedia
SSR-FT-001,R0483,other,wikipedia
SSR-FT-001,R0667,review,wikipedia
SSR-FT-001,R0802,other,wikipedia
SSR-PD-001,R0954,method,web_search
SSR-PD-001,R1090,method,web_search
SSR-SSMVEP-001,R0556,first_source_candidate,web_search
SSR-SSMVEP-001,R1089,method,web_search
SSR-SSSEP-001,R1048,review,web_search
SSR-SSSEP-001,R1049,method,web_search
SSR-SSVEP-001,R0667,review,web_search
SSR-SSVEP-001,R0867,review,web_search
SSR-SSVEP-001,R1047,lead_page,web_search
SSR-SWEEP-001,R0787,review,web_search
STA-ANES-001,R0111,first_source_candidate,wikipedia
STA-ANES-001,R0141,other,wikipedia
STA-ANES-001,R0395,other,wikipedia
STA-ANES-001,R0487,other,wikipedia
STA-ANES-001,R0760,review,wikipedia
STA-ANES-001,R0812,other,wikipedia
STA-DRV-001,R0854,method,web_search
STA-DRV-001,R0907,review,web_search
STA-MATB-001,R0849,first_source_candidate,web_search
STA-MATB-001,R0976,review,web_search
STA-MATB-001,R1064,first_source_candidate,web_search
STA-MED-001,R0368,other,wikipedia
STA-MED-001,R0369,other,wikipedia
STA-MW-001,R0020,first_source_candidate,wikipedia
STA-MW-001,R0356,other,wikipedia
STA-MW-001,R0364,other,wikipedia
STA-MW-001,R0390,other,wikipedia
STA-MW-001,R0429,other,wikipedia
STA-MW-001,R0666,review,wikipedia
STA-NF-001,R0936,review,web_search
STA-NF-001,R0940,review,web_search
STA-NF-001,R0977,review,web_search
STA-NF-001,R1011,review,web_search
STA-NF-001,R1028,method,web_search
STA-PVT-001,R0070,first_source_candidate;key_reference,hed_catalog;web_search
STA-PVT-001,R0174,further_reference,hed_catalog
STA-PVT-001,R0330,further_reference,hed_catalog
STA-PVT-001,R0453,review,hed_catalog
STA-PVT-001,R0508,key_reference,hed_catalog
STA-PVT-001,R0524,further_reference,hed_catalog
STA-PVT-001,R0912,method,web_search
STA-PVT-001,R1031,method,web_search
STA-PVT-001,R1076,method,web_search
STA-REST-001,R0124,first_source_candidate;key_reference,hed_catalog
STA-REST-001,R0201,key_reference,hed_catalog
STA-REST-001,R0362,further_reference;method,hed_catalog;web_search
STA-REST-001,R0935,method,web_search
STA-REST-001,R1046,method,web_search
STA-REST-001,R1078,review,web_search
STA-SCP-001,R0012,first_source_candidate,wikipedia
STA-SCP-001,R0039,other,wikipedia
STA-SCP-001,R0071,other,wikipedia
STA-SCP-001,R0093,other,wikipedia
STA-SCP-001,R0252,other,wikipedia
STA-SCP-001,R0546,other,wikipedia
STA-SLP-001,R0890,review,web_search
STA-SLP-001,R0891,review,web_search
STA-SLP-001,R0892,method,web_search
STM-ECS-001,R0166,other,wikipedia
STM-ECS-001,R0357,other,wikipedia
STM-ECS-001,R0458,other,wikipedia
STM-ECS-001,R0506,other,wikipedia
STM-ECS-001,R0544,other,wikipedia
STM-ECS-001,R0554,other,wikipedia
STM-ICMS-001,R0090,other,wikipedia
STM-ICMS-001,R0196,other,wikipedia
STM-ICMS-001,R0340,other,wikipedia
STM-ICMS-001,R0488,other,wikipedia
STM-ICMS-001,R0680,other,wikipedia
STM-SEP-001,R0163,other,wikipedia
STM-SEP-001,R0169,other,wikipedia
STM-SEP-001,R0181,other,wikipedia
STM-TACS-001,R0596,other,wikipedia
STM-TDCS-001,R0192,first_source_candidate;other,wikipedia
STM-TDCS-001,R0422,review,wikipedia
STM-TDCS-001,R0584,other,wikipedia
STM-TDCS-001,R0691,review,wikipedia
STM-TDCS-001,R0702,other,wikipedia
STM-TDCS-001,R0708,other,wikipedia
STM-TDCS-001,R0990,method,web_search
STM-TDCS-001,R1080,method,web_search
STM-TEP-001,R0529,other,wikipedia
STM-TEP-001,R0808,other,wikipedia
STM-TUS-001,R0784,other,wikipedia
STM-TUS-001,R0813,other,wikipedia
STM-TUS-001,R0816,other,wikipedia
STM-TUS-001,R0822,other,wikipedia
STM-TUS-001,R0823,other,wikipedia
STM-TUS-001,R0828,other,wikipedia
SSR-SSVEP-001,R1095,first_source_candidate,curator_search
PER-NAT-001,R1096,first_source_candidate,curator_search
PER-RET-001,R1097,first_source_candidate,curator_search
SSR-BEAT-001,R1098,first_source_candidate,curator_search
SSR-FFR-001,R1099,first_source_candidate,curator_search
PER-ORN-001,R1100,first_source_candidate,curator_search
PER-STREAM-001,R1101,first_source_candidate,curator_search
PER-BODY-001,R1102,first_source_candidate,curator_search
SSR-IM-001,R1103,first_source_candidate,curator_search
SSR-NSSEP-001,R1104,first_source_candidate,curator_search
SSR-FPAS-001,R1105,first_source_candidate,curator_search
MOT-CURSOR-001,R1106,first_source_candidate,curator_search
MOT-BIMAN-001,R1107,first_source_candidate,curator_search
MOT-RT-001,R1108,first_source_candidate,curator_search
IMG-SPI-001,R1109,first_source_candidate,curator_search
IMG-SAO-001,R1110,first_source_candidate,curator_search
STM-CCEP-001,R1111,first_source_candidate,curator_search
STM-DBSEP-001,R1112,first_source_candidate,curator_search
STM-PAS-001,R1113,first_source_candidate,curator_search
STM-SEP-001,R1114,first_source_candidate,curator_search
STM-TACS-001,R1115,first_source_candidate,curator_search
STM-TEP-001,R1116,first_source_candidate,curator_search
STM-TUS-001,R1117,first_source_candidate,curator_search
MOT-SMS-001,R1118,first_source_candidate,curator_search
MOT-PASS-001,R1119,first_source_candidate,curator_search
MOT-LIBET-001,R1120,first_source_candidate,curator_search
MOT-PURS-001,R1121,first_source_candidate,curator_search
MOT-PERT-001,R1122,first_source_candidate,curator_search
MOT-MVF-001,R1123,first_source_candidate,curator_search
IMG-TACT-001,R1124,first_source_candidate,curator_search
IMG-OLF-001,R1125,first_source_candidate,curator_search
STM-TMSFMRI-001,R1126,first_source_candidate,curator_search
STM-TAVNS-001,R1127,first_source_candidate,curator_search
STM-ADBS-001,R1128,first_source_candidate,curator_search
STM-TI-001,R1129,first_source_candidate,curator_search
STM-VIB-001,R1130,first_source_candidate,curator_search
STM-GVS-001,R1131,first_source_candidate,curator_search
STM-PHTMS-001,R1132,first_source_candidate,curator_search
ERR-INST-001,R1133,first_source_candidate,curator_search
CTL-DD-001,R1134,first_source_candidate,curator_search
CTL-DT-001,R1135,first_source_candidate,curator_search
CTL-WCST-001,R1136,first_source_candidate,curator_search
CTL-RAVEN-001,R1137,first_source_candidate,curator_search
ERR-CHGPT-001,R1138,first_source_candidate,curator_search
ERR-PRT-001,R1139,first_source_candidate,curator_search
ERR-OGNG-001,R1140,first_source_candidate,curator_search
ERR-APC-001,R1141,first_source_candidate,curator_search
ERR-VRPE-001,R1142,first_source_candidate,curator_search
CTL-MSIT-001,R1143,first_source_candidate,curator_search
CTL-MRP-001,R1144,first_source_candidate,curator_search
CTL-CONF-001,R1145,first_source_candidate,curator_search
CTL-MIXG-001,R1146,first_source_candidate,curator_search
CTL-FORAGE-001,R1147,first_source_candidate,curator_search
CTL-VBC-001,R1148,first_source_candidate,curator_search
CTL-RNG-001,R1149,first_source_candidate,curator_search
CTL-ANAL-001,R1150,first_source_candidate,curator_search
CTL-AUT-001,R1151,first_source_candidate,curator_search
CTL-AMBIG-001,R1152,first_source_candidate,curator_search
CTL-SYLL-001,R1153,first_source_candidate,curator_search
MEM-NBK-001,R1154,first_source_candidate,curator_search
MEM-FR-001,R1155,first_source_candidate,curator_search
MEM-RC-001,R1156,first_source_candidate,curator_search
MEM-SME-001,R1157,first_source_candidate,curator_search
MEM-DS-001,R1158,first_source_candidate,curator_search
MEM-RIF-001,R1159,first_source_candidate,curator_search
MEM-CIT-001,R1160,first_source_candidate,curator_search
MEM-EFT-001,R0376,first_source_candidate,curator_search
LAN-HIER-001,R1161,first_source_candidate,curator_search
LAN-LOC-001,R1162,first_source_candidate,curator_search
LAN-READ-001,R1163,first_source_candidate,curator_search
LAN-CPS-001,R1164,first_source_candidate,curator_search
LAN-VWFA-001,R1165,first_source_candidate,curator_search
LAN-SL-001,R1166,first_source_candidate,curator_search
LAN-SIS-001,R1167,first_source_candidate,curator_search
LAN-SEMD-001,R1168,first_source_candidate,curator_search
LAN-PCAT-001,R1169,first_source_candidate,curator_search
EMO-SOUND-001,R1170,first_source_candidate,curator_search
SOC-CYB-001,R1171,first_source_candidate,curator_search
SOC-JA-001,R1172,first_source_candidate,curator_search
SOC-SELF-001,R1173,first_source_candidate,curator_search
SOC-TPP-001,R1174,first_source_candidate,curator_search
SOC-VPT-001,R1175,first_source_candidate,curator_search
STA-DRV-001,R1176,first_source_candidate,curator_search
STA-SCP-001,R1177,first_source_candidate,curator_search
STA-ENG-001,R1178,first_source_candidate,curator_search
STA-MED-001,R1179,first_source_candidate,curator_search
STA-SLP-001,R1180,first_source_candidate,curator_search
EMO-WORD-001,R1181,first_source_candidate,curator_search
EMO-THREAT-001,R1182,first_source_candidate,curator_search
EMO-TOUCH-001,R1183,first_source_candidate,curator_search
EMO-HUMOR-001,R1184,first_source_candidate,curator_search
SOC-NAME-001,R1185,first_source_candidate,curator_search
SOC-MORAL-001,R1186,first_source_candidate,curator_search
SOC-CONF-001,R1187,first_source_candidate,curator_search
SOC-SFB-001,R1188,first_source_candidate,curator_search
SOC-ANIM-001,R1189,first_source_candidate,curator_search
SOC-RACE-001,R1190,first_source_candidate,curator_search
SOC-EYE-001,R1191,first_source_candidate,curator_search
STA-CLAS-001,R1192,first_source_candidate,curator_search
STA-DREAM-001,R1193,first_source_candidate,curator_search
STA-PSY-001,R1194,first_source_candidate,curator_search
STA-HYPN-001,R1195,first_source_candidate,curator_search
MEM-DS-001,R1196,further_reference,curator_search
MEM-DS-001,R1197,further_reference,curator_search
MEM-PA-001,R1198,further_reference,curator_search
MEM-RIF-001,R1199,further_reference,curator_search
MEM-RIF-001,R1200,further_reference,curator_search
MEM-RPT-001,R1201,further_reference,curator_search
MEM-CIT-001,R1202,further_reference,curator_search
MEM-EFT-001,R1203,further_reference,curator_search
MEM-RMEM-001,R1204,further_reference,curator_search
MEM-RMEM-001,R1205,further_reference,curator_search
MEM-RPRIM-001,R1206,further_reference,curator_search
MEM-RPRIM-001,R1207,further_reference,curator_search
MEM-RPRIM-001,R1208,further_reference,curator_search
MEM-CD-001,R1209,further_reference,curator_search
MEM-CD-001,R1210,further_reference,curator_search
LAN-SWITCH-001,R1211,further_reference,curator_search
LAN-SWITCH-001,R1212,further_reference,curator_search
LAN-CPS-001,R1213,further_reference,curator_search
LAN-VWFA-001,R1214,further_reference,curator_search
LAN-SL-001,R1215,further_reference,curator_search
LAN-GEST-001,R1216,further_reference,curator_search
LAN-GEST-001,R1217,further_reference,curator_search
LAN-NWL-001,R1218,further_reference,curator_search
LAN-NWL-001,R1219,further_reference,curator_search
LAN-SIS-001,R1220,further_reference,curator_search
LAN-SEMD-001,R1221,further_reference,curator_search
LAN-PCAT-001,R1222,further_reference,curator_search
LAN-SC-001,R1223,further_reference,curator_search
LAN-SC-001,R1224,further_reference,curator_search
PER-VMMN-001,R1225,further_reference,curator_search
PER-VMMN-001,R1226,further_reference,curator_search
PER-VMMN-001,R1227,further_reference,curator_search
PER-VMMN-001,R1228,further_reference,curator_search
PER-MLR-001,R1229,further_reference,curator_search
PER-MLR-001,R1230,further_reference,curator_search
PER-MLR-001,R1231,further_reference,curator_search
PER-ACC-001,R1232,further_reference,curator_search
PER-ORN-001,R1233,further_reference,curator_search
PER-GEP-001,R1234,further_reference,curator_search
PER-GEP-001,R1235,further_reference,curator_search
PER-GEP-001,R1236,further_reference,curator_search
PER-SPN-001,R1237,further_reference,curator_search
PER-IC-001,R1238,further_reference,curator_search
PER-ADDS-001,R1239,further_reference,curator_search
PER-IB-001,R1240,further_reference,curator_search
PER-IB-001,R1241,further_reference,curator_search
PER-CB-001,R1242,further_reference,curator_search
PER-RREP-001,R1243,further_reference,curator_search
PER-RREP-001,R1244,further_reference,curator_search
PER-VOICE-001,R1245,further_reference,curator_search
PER-VOICE-001,R1246,further_reference,curator_search
PER-BODY-001,R1247,further_reference,curator_search
SSR-NSSEP-001,R1248,further_reference,curator_search
SSR-FPAS-001,R1249,further_reference,curator_search
SSR-RVS-001,R1250,further_reference,curator_search
MOT-SMS-001,R1251,further_reference,curator_search
IMG-OLF-001,R1252,further_reference,curator_search
STM-PBM-001,R1253,first_source_candidate,curator_search
STM-PBM-001,R1254,further_reference,curator_search
ERR-CHGPT-001,R1255,further_reference,curator_search
ERR-PRT-001,R1256,further_reference,curator_search
ERR-OGNG-001,R1257,further_reference,curator_search
ERR-VRPE-001,R1258,further_reference,curator_search
ERR-AAF-001,R1259,further_reference,curator_search
CTL-RNG-001,R1260,further_reference,curator_search
CTL-AUT-001,R1261,further_reference,curator_search
CTL-AUT-001,R1262,further_reference,curator_search
CTL-SYLL-001,R1263,further_reference,curator_search
SOC-NAME-001,R1264,further_reference,curator_search
SOC-ANIM-001,R1265,further_reference,curator_search
SSR-SSVEP-005,R1266,key_reference,curator_search_s2
SSR-SSVEP-005,R1267,dataset,curator_search_s2
SSR-SSVEP-007,R1268,first_source_candidate,curator_search_s2
PER-ODD-007,R1269,first_source_candidate,curator_search_s2
PER-ODD-008,R1270,first_source_candidate,curator_search_s2
PER-ODD-005,R1271,first_source_candidate,curator_search_s2
PER-ODD-002,R1272,first_source_candidate,curator_search_s2
PER-ODD-006,R1273,first_source_candidate,curator_search_s2
SSR-SSVEP-005,R1274,first_source_candidate,curator_search_s2
PER-MMN-003,R1275,first_source_candidate,curator_search_s2
SSR-FFR-002,R1276,review,curator_search_s2
SSR-ASSR-002,R1277,first_source_candidate,curator_search_s2
SSR-CVEP-003,R1278,first_source_candidate,curator_search_s2
SSR-CVEP-001,R1278,dataset,curator_search_s2
SSR-CVEP-002,R1279,first_source_candidate,curator_search_s2
SSR-SSVEP-008,R1280,key_reference,curator_search_s2
PER-RET-002,R1281,first_source_candidate,curator_search_s2
PER-OMIT-002,R1282,first_source_candidate,curator_search_s2
SSR-SSVEP-004,R1283,first_source_candidate,curator_search_s2
PER-ODD-009,R1284,first_source_candidate,curator_search_s2
PER-MVEP-002,R1285,first_source_candidate,curator_search_s2
SSR-SSVEP-002,R1286,first_source_candidate,curator_search_s2
MOT-MI-002,R1287,first_source_candidate,curator_search_s2
MOT-MI-003,R1288,first_source_candidate,curator_search_s2
MOT-ME-005,R1288,first_source_candidate,curator_search_s2
MOT-MI-007,R1289,first_source_candidate,curator_search_s2
MOT-MI-008,R1290,first_source_candidate,curator_search_s2
MOT-MI-010,R1291,first_source_candidate,curator_search_s2
MOT-MI-001,R1291,dataset,curator_search_s2
MOT-ME-001,R1291,dataset,curator_search_s2
MOT-MI-011,R1292,first_source_candidate,curator_search_s2
MOT-MI-005,R1293,dataset,curator_search_s2
MOT-MI-001,R1293,dataset,curator_search_s2
MOT-ATT-003,R1294,first_source_candidate,curator_search_s2
MOT-CURSOR-002,R1295,first_source_candidate,curator_search_s2
MOT-GRASP-003,R1296,first_source_candidate,curator_search_s2
MOT-HW-002,R1297,first_source_candidate,curator_search_s2
MOT-MRCP-002,R1298,first_source_candidate,curator_search_s2
MOT-MRCP-003,R1298,first_source_candidate,curator_search_s2
MOT-SACC-002,R1299,first_source_candidate,curator_search_s2
IMG-CMD-003,R1300,first_source_candidate,curator_search_s2
IMG-MA-002,R1301,first_source_candidate,curator_search_s2
IMG-SPI-002,R1302,first_source_candidate,curator_search_s2
IMG-SPI-002,R1303,other,curator_search_s2
IMG-SPI-003,R1303,other,curator_search_s2
IMG-SPI-003,R1304,first_source_candidate,curator_search_s2
IMG-SAO-002,R1305,first_source_candidate,curator_search_s2
MOT-GRASP-004,R1306,first_source_candidate,curator_search_s2
IMG-VIS-002,R1307,first_source_candidate,curator_search_s2
ERR-ERRP-004,R1308,first_source_candidate,curator_search_s2
ERR-ERRP-004,R1309,other,curator_search_s2
ERR-ERRP-002,R1310,first_source_candidate,curator_search_s2
ERR-ERRP-003,R1311,dataset,curator_search_s2
CTL-ANT-002,R1312,first_source_candidate,curator_search_s2
CTL-ANT-002,R1313,key_reference,curator_search_s2
CTL-SW-002,R1314,first_source_candidate,curator_search_s2
ERR-AWARE-003,R1315,first_source_candidate,curator_search_s2
CTL-CPT-002,R1316,first_source_candidate,curator_search_s2
CTL-PDM-002,R0578,first_source_candidate,curator_search_s2
CTL-FLK-002,R1317,dataset,curator_search_s2
CTL-BART-001,R1318,dataset,curator_search_s2
ERR-OBS-002,R1319,first_source_candidate,curator_search_s2
ERR-OBS-003,R1320,first_source_candidate,curator_search_s2
ERR-GAM-003,R1321,first_source_candidate,curator_search_s2
MEM-CIT-002,R1322,first_source_candidate,curator_search_s2
MEM-NBK-003,R1323,first_source_candidate,curator_search_s2
MEM-NBK-004,R1324,first_source_candidate,curator_search_s2
LAN-VF-002,R1325,first_source_candidate,curator_search_s2
MEM-NBK-002,R1325,dataset,curator_search_s2
MEM-PM-002,R1326,key_reference,curator_search_s2
MEM-TMR-002,R1327,first_source_candidate,curator_search_s2
LAN-LOC-002,R1328,first_source_candidate,curator_search_s2
EMO-FILM-002,R1329,first_source_candidate,curator_search_s2
EMO-FILM-003,R1330,first_source_candidate,curator_search_s2
EMO-STRESS-002,R1331,first_source_candidate,curator_search_s2
EMO-THREAT-001,R1332,first_source_candidate,curator_search_s2
STA-SCP-001,R1333,other,curator_search_s2
STA-SCP-001,R1334,other,curator_search_s2
EMO-FACE-002,R1335,first_source_candidate,curator_search_s2
STA-NF-002,R1336,first_source_candidate,curator_search_s2
STA-SLP-002,R1337,first_source_candidate,curator_search_s2
SOC-PAIN-002,R1338,first_source_candidate,curator_search_s2
STA-MW-002,R1339,first_source_candidate,curator_search_s2
STA-MW-002,R1340,key_reference,curator_search_s2
SOC-NAME-002,R1341,first_source_candidate,curator_search_s2
STA-NF-001,R1342,first_source_candidate,curator_search_s2
SOC-CYB-001,R1343,first_source_candidate,curator_search_s2
ERR-GAM-002,R1093,method,curator_search_s2
CTL-ANT-002,R0476,other,sprint2_split
CTL-CPT-002,R0158,other,sprint2_split
CTL-CPT-003,R0575,first_source_candidate,sprint2_split
CTL-PDM-002,R0736,other,sprint2_split
CTL-SIM-002,R0516,other,sprint2_split
CTL-STR-002,R0096,other,sprint2_split
CTL-SW-002,R0261,other,sprint2_split
EMO-FC-002,R1010,first_source_candidate,sprint2_split
EMO-FC-003,R0276,first_source_candidate,sprint2_split
EMO-FC-003,R0933,other,sprint2_split
EMO-FC-003,R0413,other,sprint2_split
EMO-FILM-001,R0862,other,sprint2_split
EMO-FILM-001,R1079,other,sprint2_split
EMO-FILM-002,R0862,other,sprint2_split
EMO-FILM-002,R1079,other,sprint2_split
EMO-MID-001,R0426,other,sprint2_split
EMO-MID-001,R0461,other,sprint2_split
EMO-MID-001,R0589,other,sprint2_split
EMO-MID-001,R0600,other,sprint2_split
EMO-MID-001,R0652,other,sprint2_split
EMO-MID-001,R0731,other,sprint2_split
EMO-MID-002,R0426,first_source_candidate,sprint2_split
EMO-MID-002,R0461,other,sprint2_split
EMO-MID-002,R0589,other,sprint2_split
EMO-MID-002,R0600,other,sprint2_split
EMO-MID-002,R0652,other,sprint2_split
EMO-MID-002,R0731,other,sprint2_split
EMO-REG-002,R1065,first_source_candidate,sprint2_split
EMO-REG-002,R0599,other,sprint2_split
EMO-REG-002,R0723,other,sprint2_split
ERR-ADAPT-002,R1001,first_source_candidate,sprint2_split
ERR-ADAPT-002,R1009,other,sprint2_split
ERR-AWARE-002,R0205,first_source_candidate,sprint2_split
ERR-CHGPT-002,R1255,first_source_candidate,sprint2_split
ERR-ERRP-002,R0714,other,sprint2_split
ERR-GAM-001,R0714,other,sprint2_split
ERR-GAM-003,R0714,other,sprint2_split
ERR-OBS-002,R0714,other,sprint2_split
ERR-OBS-003,R0714,other,sprint2_split
ERR-TS-002,R0692,first_source_candidate,sprint2_split
IMG-AUD-002,R0186,first_source_candidate,sprint2_split
IMG-AUD-002,R0316,other,sprint2_split
IMG-AUD-002,R0549,other,sprint2_split
IMG-CMD-002,R0858,first_source_candidate,sprint2_split
IMG-CMD-002,R0870,other,sprint2_split
IMG-MA-002,R0842,other,sprint2_split
LAN-CPS-002,R1213,first_source_candidate,sprint2_split
LAN-CPS-002,R1164,other,sprint2_split
LAN-HIER-001,R0216,other,sprint2_split
LAN-HIER-001,R0321,other,sprint2_split
LAN-HIER-001,R0381,other,sprint2_split
LAN-HIER-001,R0419,other,sprint2_split
LAN-LOC-002,R1162,other,sprint2_split
LAN-N400-002,R0863,first_source_candidate,sprint2_split
LAN-N400-002,R1075,other,sprint2_split
LAN-OVS-002,R1013,first_source_candidate,sprint2_split
LAN-OVS-002,R0850,other,sprint2_split
LAN-OVS-002,R0857,other,sprint2_split
LAN-OVS-003,R0839,first_source_candidate,sprint2_split
LAN-OVS-003,R0838,other,sprint2_split
LAN-OVS-003,R0850,other,sprint2_split
LAN-P600-002,R0864,first_source_candidate,sprint2_split
LAN-P600-002,R0905,other,sprint2_split
LAN-PN-002,R1000,other,sprint2_split
LAN-PN-002,R0173,other,sprint2_split
LAN-PN-002,R0782,other,sprint2_split
LAN-PRIME-002,R0926,other,sprint2_split
LAN-PRIME-002,R0537,other,sprint2_split
LAN-SC-002,R1223,first_source_candidate,sprint2_split
LAN-SC-002,R1224,other,sprint2_split
LAN-SIS-002,R1220,first_source_candidate,sprint2_split
LAN-SIS-002,R1167,other,sprint2_split
LAN-SWITCH-002,R1212,first_source_candidate,sprint2_split
LAN-SWITCH-002,R1211,other,sprint2_split
LAN-VF-002,R0979,other,sprint2_split
LAN-VF-002,R1035,other,sprint2_split
LAN-VF-002,R0972,other,sprint2_split
LAN-VF-003,R1035,other,sprint2_split
LAN-VF-003,R0979,other,sprint2_split
MEM-CD-002,R1209,first_source_candidate,sprint2_split
MEM-CD-002,R0267,other,sprint2_split
MEM-CD-002,R1210,other,sprint2_split
MEM-CD-002,R0402,other,sprint2_split
MEM-CD-002,R0597,other,sprint2_split
MEM-CD-003,R0282,first_source_candidate,sprint2_split
MEM-CD-003,R0689,other,sprint2_split
MEM-CD-003,R1210,other,sprint2_split
MEM-CD-003,R0591,other,sprint2_split
MEM-CD-003,R0662,other,sprint2_split
MEM-DF-002,R0602,other,sprint2_split
MEM-DF-002,R0610,other,sprint2_split
MEM-DF-002,R0579,other,sprint2_split
MEM-DS-002,R1197,other,sprint2_split
MEM-DS-002,R1196,other,sprint2_split
MEM-FR-002,R0550,first_source_candidate,sprint2_split
MEM-FR-002,R0119,other,sprint2_split
MEM-FR-002,R0353,other,sprint2_split
MEM-META-002,R0098,first_source_candidate,sprint2_split
MEM-META-002,R0493,other,sprint2_split
MEM-META-002,R0099,other,sprint2_split
MEM-META-002,R0148,other,sprint2_split
MEM-META-002,R0517,other,sprint2_split
MEM-MST-002,R0416,first_source_candidate,sprint2_split
MEM-MST-002,R0499,other,sprint2_split
MEM-NAV-002,R0289,first_source_candidate,sprint2_split
MEM-NAV-002,R0037,other,sprint2_split
MEM-NAV-002,R0366,other,sprint2_split
MEM-NAV-002,R0315,other,sprint2_split
MEM-NAV-002,R0698,other,sprint2_split
MEM-NAV-003,R0289,other,sprint2_split
MEM-NAV-003,R0393,other,sprint2_split
MEM-NAV-003,R0065,other,sprint2_split
MEM-NBK-002,R0319,other,sprint2_split
MEM-NBK-002,R0154,other,sprint2_split
MEM-NBK-002,R0486,other,sprint2_split
MEM-NBK-003,R1324,other,sprint2_split
MEM-NBK-004,R0728,other,sprint2_split
MEM-ON-002,R0069,first_source_candidate,sprint2_split
MEM-ON-002,R0080,other,sprint2_split
MEM-ON-002,R0179,other,sprint2_split
MEM-ON-002,R0452,other,sprint2_split
MEM-ON-002,R0545,other,sprint2_split
MEM-PA-002,R0504,other,sprint2_split
MEM-PA-002,R0491,other,sprint2_split
MEM-PM-002,R0651,other,sprint2_split
MEM-PM-002,R0092,other,sprint2_split
MEM-RC-001,R0031,other,sprint2_split
MEM-RC-001,R0151,other,sprint2_split
MEM-RC-001,R0267,other,sprint2_split
MEM-RC-001,R0402,other,sprint2_split
MEM-TMR-002,R0798,other,sprint2_split
MOT-ATT-002,R0894,first_source_candidate,sprint2_split
MOT-ATT-002,R0895,other,sprint2_split
MOT-BIMAN-001,R1000,other,sprint2_split
MOT-BIMAN-001,R1004,other,sprint2_split
MOT-CURSOR-003,R0945,first_source_candidate,sprint2_split
MOT-CURSOR-003,R0949,other,sprint2_split
MOT-CURSOR-003,R1038,other,sprint2_split
MOT-GRASP-002,R0943,first_source_candidate,sprint2_split
MOT-GRASP-003,R0885,other,sprint2_split
MOT-HW-002,R0886,other,sprint2_split
MOT-ME-001,R0837,other,sprint2_split
MOT-ME-001,R0871,other,sprint2_split
MOT-ME-001,R0908,other,sprint2_split
MOT-ME-001,R0955,other,sprint2_split
MOT-ME-001,R0960,other,sprint2_split
MOT-ME-002,R0871,first_source_candidate,sprint2_split
MOT-ME-002,R0960,other,sprint2_split
MOT-ME-002,R0908,other,sprint2_split
MOT-ME-002,R0837,other,sprint2_split
MOT-ME-003,R0955,other,sprint2_split
MOT-ME-004,R0189,first_source_candidate,sprint2_split
MOT-ME-004,R0145,other,sprint2_split
MOT-ME-004,R0280,other,sprint2_split
MOT-ME-004,R0405,other,sprint2_split
MOT-MI-001,R0883,other,sprint2_split
MOT-MI-001,R0922,other,sprint2_split
MOT-MI-001,R0955,other,sprint2_split
MOT-MI-004,R0883,first_source_candidate,sprint2_split
MOT-MI-004,R0922,other,sprint2_split
MOT-MI-004,R0955,other,sprint2_split
MOT-MRCP-002,R0896,other,sprint2_split
MOT-MRCP-002,R0835,other,sprint2_split
MOT-PASS-001,R0922,other,sprint2_split
MOT-REACH-002,R1002,other,sprint2_split
MOT-TRACK-002,R1016,first_source_candidate,sprint2_split
PER-BR-002,R0346,other,sprint2_split
PER-BR-002,R0239,other,sprint2_split
PER-CUE-002,R0049,first_source_candidate,sprint2_split
PER-CUE-002,R0793,other,sprint2_split
PER-CUE-002,R0618,other,sprint2_split
PER-CUE-002,R0766,other,sprint2_split
PER-CVA-002,R0937,other,sprint2_split
PER-HBD-002,R0052,first_source_candidate,sprint2_split
PER-HBD-002,R0742,other,sprint2_split
PER-HBD-002,R0752,other,sprint2_split
PER-HBD-002,R0647,other,sprint2_split
PER-MMN-001,R0988,other,sprint2_split
PER-MMN-001,R0968,other,sprint2_split
PER-MMN-001,R1068,other,sprint2_split
PER-MMN-001,R0975,other,sprint2_split
PER-MMN-002,R0988,first_source_candidate,sprint2_split
PER-MMN-002,R0968,other,sprint2_split
PER-MMN-002,R0216,other,sprint2_split
PER-MMN-002,R1068,other,sprint2_split
PER-MMN-002,R0975,other,sprint2_split
PER-MSI-002,R0293,other,sprint2_split
PER-MVEP-002,R0836,other,sprint2_split
PER-ODD-001,R0038,other,sprint2_split
PER-ODD-001,R0101,other,sprint2_split
PER-ODD-001,R0120,other,sprint2_split
PER-ODD-001,R0298,other,sprint2_split
PER-ODD-001,R0299,other,sprint2_split
PER-ODD-001,R0391,other,sprint2_split
PER-ODD-001,R0446,other,sprint2_split
PER-ODD-001,R0620,other,sprint2_split
PER-ODD-001,R0843,other,sprint2_split
PER-ODD-001,R0869,other,sprint2_split
PER-ODD-002,R1022,other,sprint2_split
PER-ODD-002,R0389,other,sprint2_split
PER-ODD-003,R1052,first_source_candidate,sprint2_split
PER-ODD-004,R0038,first_source_candidate,sprint2_split
PER-ODD-004,R0869,other,sprint2_split
PER-ODD-004,R0843,other,sprint2_split
PER-ODD-005,R0843,other,sprint2_split
PER-OMIT-002,R0585,other,sprint2_split
PER-OMIT-002,R0792,other,sprint2_split
PER-RET-002,R0334,other,sprint2_split
SOC-DICT-002,R0341,first_source_candidate,sprint2_split
SOC-DICT-002,R0371,other,sprint2_split
SOC-GAZE-002,R0986,first_source_candidate,sprint2_split
SOC-GAZE-002,R0966,other,sprint2_split
SOC-GAZE-002,R0882,other,sprint2_split
SOC-JA-001,R0227,other,sprint2_split
SOC-JA-001,R0841,other,sprint2_split
SOC-JA-001,R0953,other,sprint2_split
SOC-JA-001,R0964,other,sprint2_split
SOC-JA-001,R1042,other,sprint2_split
SOC-NAME-002,R1185,other,sprint2_split
SOC-NAME-002,R1264,other,sprint2_split
SOC-PAIN-002,R0919,other,sprint2_split
SOC-PAIN-002,R0982,other,sprint2_split
SOC-TOM-002,R0260,first_source_candidate,sprint2_split
SOC-TOM-002,R0967,other,sprint2_split
SOC-TOM-002,R0604,other,sprint2_split
SOC-TRUST-002,R0217,first_source_candidate,sprint2_split
SOC-TRUST-002,R0693,other,sprint2_split
SOC-TRUST-002,R0965,other,sprint2_split
SOC-TRUST-003,R0312,first_source_candidate,sprint2_split
SOC-TRUST-003,R0901,other,sprint2_split
SOC-TRUST-003,R0958,other,sprint2_split
SSR-FFR-002,R0770,other,sprint2_split
SSR-FFR-002,R0773,other,sprint2_split
SSR-SSSEP-002,R1048,first_source_candidate,sprint2_split
SSR-SSSEP-002,R1049,other,sprint2_split
SSR-SSVEP-001,R0954,other,sprint2_split
SSR-SSVEP-001,R1090,other,sprint2_split
SSR-SSVEP-001,R0085,other,sprint2_split
SSR-SSVEP-001,R0206,other,sprint2_split
SSR-SSVEP-001,R0398,other,sprint2_split
SSR-SSVEP-001,R0483,other,sprint2_split
SSR-SSVEP-001,R0802,other,sprint2_split
SSR-SSVEP-002,R0398,other,sprint2_split
SSR-SSVEP-002,R0867,other,sprint2_split
SSR-SSVEP-002,R0483,other,sprint2_split
SSR-SSVEP-003,R1090,first_source_candidate,sprint2_split
SSR-SSVEP-003,R0954,other,sprint2_split
SSR-SSVEP-004,R0802,other,sprint2_split
SSR-SSVEP-004,R0085,other,sprint2_split
SSR-SSVEP-004,R0206,other,sprint2_split
SSR-SSVEP-004,R0398,other,sprint2_split
SSR-SSVEP-004,R0483,other,sprint2_split
SSR-SSVEP-004,R0667,other,sprint2_split
SSR-SSVEP-005,R0867,other,sprint2_split
STA-MW-002,R0356,other,sprint2_split
STA-MW-002,R0666,other,sprint2_split
STA-NF-002,R0940,other,sprint2_split
STA-NF-002,R0977,other,sprint2_split
STA-NF-002,R1028,other,sprint2_split
STA-NF-002,R0936,other,sprint2_split
STA-REST-002,R0362,first_source_candidate,sprint2_split
STA-REST-002,R0935,other,sprint2_split
STA-REST-002,R1046,other,sprint2_split
STA-SCP-002,R1177,first_source_candidate,sprint2_split
STA-SLP-002,R0890,other,sprint2_split
STA-SLP-002,R0891,other,sprint2_split
STA-SLP-002,R0892,other,sprint2_split
